HomeId,DateTime,Temperature_C,Humidity_%,Light_Lux,Appliance_Usage_kWh,HVAC_Usage_kWh,Water_Heater_kWh,Total_Energy_kWh,Motion_Sensor,Smoke_Detected,Gas_Leak,Emergency_Mode,Alarm
H113,1/1/2025 0:00,23.6,40.5,57.7,3.91,2.33,1.92,8.16,Active,No,No,OFF,OFF
H110,1/1/2025 1:00,26.2,60.4,219.3,2.15,1.64,1.07,4.86,Active,No,No,OFF,OFF
H016,1/1/2025 2:00,27.7,73.4,142.1,2.6,1.57,0.13,4.3,Active,No,No,OFF,OFF
H037,1/1/2025 3:00,22.3,28.2,773.1,4.33,0.71,1.28,6.32,Active,No,No,OFF,OFF
H070,1/1/2025 4:00,27,52.7,403.2,3.92,3.37,0.73,8.02,Inactive,No,No,OFF,OFF
H020,1/1/2025 5:00,23.1,30.2,181,3.57,2.62,0.8,6.99,Inactive,No,No,OFF,OFF
H041,1/1/2025 6:00,22.9,32.8,516.5,2.95,2.74,1.2,6.89,Active,No,No,OFF,OFF
H031,1/1/2025 7:00,38.3,59.7,811.1,0.31,3.43,0.2,3.94,Active,No,No,OFF,OFF
H019,1/1/2025 8:00,19.9,66.2,312.6,3.02,2.49,1.09,6.6,Active,No,No,OFF,OFF
H102,1/1/2025 9:00,17.1,46.8,570.6,0.56,2.5,0.66,3.72,Inactive,No,No,OFF,OFF
H087,1/1/2025 10:00,21.8,51.1,494.9,3.44,1.5,1.41,6.35,Inactive,No,No,OFF,OFF
H022,1/1/2025 11:00,35.8,63.6,629.5,2.43,3.04,0.09,5.56,Active,No,No,OFF,OFF
H077,1/1/2025 12:00,20.8,77.9,583.6,1.76,1.77,0.63,4.16,Active,No,No,OFF,OFF
H061,1/1/2025 13:00,26.5,45.5,400,1.97,0.95,0.41,3.33,Active,No,No,OFF,OFF
H090,1/1/2025 14:00,37.1,37.4,645.3,3.4,2.83,1.99,8.22,Inactive,No,Yes,ON,ON
H117,1/1/2025 15:00,21.4,73.2,639.7,4.17,3.28,0.21,7.66,Active,Yes,No,ON,ON
H062,1/1/2025 16:00,17.4,66.7,447.9,2.33,2.67,0.17,5.17,Active,No,No,OFF,OFF
H013,1/1/2025 17:00,35.6,62.9,648.6,2.05,2.31,1.37,5.73,Active,No,No,OFF,OFF
H042,1/1/2025 18:00,28.5,50,243,3.85,1.8,1.66,7.31,Inactive,No,No,OFF,OFF
H032,1/1/2025 19:00,26.6,78.1,268.5,3.48,1.4,1.01,5.89,Active,No,No,OFF,OFF
H074,1/1/2025 20:00,28.8,62.2,120.3,3.76,2.02,1.01,6.79,Inactive,No,No,OFF,OFF
H033,1/1/2025 21:00,19.9,75.2,835.2,2.43,0.85,0.53,3.81,Inactive,No,No,OFF,OFF
H001,1/1/2025 22:00,28.3,75.5,510.7,3.24,3.2,0.35,6.79,Active,No,No,OFF,OFF
H118,1/1/2025 23:00,23.9,67.4,27.6,3.59,2.86,1.22,7.67,Inactive,No,No,OFF,OFF
H028,1/2/2025 0:00,22.9,75.5,962.3,1.51,1.99,0.11,3.61,Inactive,No,No,OFF,OFF
H060,1/2/2025 1:00,21.1,55.7,315.2,1.01,2.13,0.2,3.34,Active,No,No,OFF,OFF
H062,1/2/2025 2:00,30.5,69.5,130,1.92,3.28,1.28,6.48,Inactive,No,No,OFF,OFF
H105,1/2/2025 3:00,21.9,28.4,727.1,3.57,1.67,0.18,5.42,Inactive,No,No,OFF,OFF
H031,1/2/2025 4:00,27.9,75.7,886.8,1.07,2.33,1.31,4.71,Active,No,No,OFF,OFF
H061,1/2/2025 5:00,37.9,53.1,804.8,2.63,3.03,1.07,6.73,Inactive,Yes,No,ON,ON
H085,1/2/2025 6:00,32.1,26,390.9,0.52,0.72,0.57,1.81,Active,No,No,OFF,OFF
H119,1/2/2025 7:00,35.6,76.5,294.9,0.92,1.19,0.42,2.53,Active,No,No,OFF,OFF
H102,1/2/2025 8:00,24,68.9,134.1,3.5,1.76,1.76,7.02,Inactive,No,No,OFF,OFF
H025,1/2/2025 9:00,20.2,72.1,153.4,2.7,0.87,0.68,4.25,Active,No,No,OFF,OFF
H103,1/2/2025 10:00,17.9,48,637.6,3.51,2.83,1.57,7.91,Active,No,No,OFF,OFF
H047,1/2/2025 11:00,23.1,67.7,308.4,3.74,1.16,1.75,6.65,Active,No,Yes,ON,ON
H113,1/2/2025 12:00,18.4,46.7,785.7,2.61,0.49,0.82,3.92,Active,No,No,OFF,OFF
H071,1/2/2025 13:00,25.1,45.9,12.5,1.38,3.4,0.68,5.46,Active,No,No,OFF,OFF
H013,1/2/2025 14:00,26.1,64.9,710.9,2.87,0.62,1.26,4.75,Active,No,No,OFF,OFF
H090,1/2/2025 15:00,35,73.7,186.5,0.75,0.21,2,2.96,Inactive,No,Yes,ON,ON
H045,1/2/2025 16:00,17.2,47.3,635.3,1.85,1.97,0.28,4.1,Inactive,No,No,OFF,OFF
H051,1/2/2025 17:00,30.7,45.8,329.1,3.36,1.9,0.98,6.24,Active,No,No,OFF,OFF
H043,1/2/2025 18:00,32.7,56.5,861.8,2.18,1.83,0.99,5,Active,No,No,OFF,OFF
H075,1/2/2025 19:00,38.8,30.9,612.8,1.5,1.79,0.55,3.84,Active,No,No,OFF,OFF
H050,1/2/2025 20:00,27.1,30.9,763.6,0.96,0.81,1.29,3.06,Active,No,No,OFF,OFF
H048,1/2/2025 21:00,32.8,47.4,641.3,2.08,1.11,0.51,3.7,Active,No,No,OFF,OFF
H066,1/2/2025 22:00,19.2,71.6,474.6,3.75,0.21,0.72,4.68,Inactive,No,No,OFF,OFF
H106,1/2/2025 23:00,23.6,61.7,116.4,3.14,0.37,1.92,5.43,Inactive,No,Yes,ON,ON
H074,1/3/2025 0:00,16.2,76.4,63.9,0.52,2.38,1.82,4.72,Active,No,No,OFF,OFF
H083,1/3/2025 1:00,18.9,25.9,58.2,3.29,0.74,1.48,5.51,Inactive,No,No,OFF,OFF
H063,1/3/2025 2:00,33.6,42.6,410.4,3.4,1.04,1.12,5.56,Active,No,No,OFF,OFF
H022,1/3/2025 3:00,23.1,68.3,615.5,1.6,0.22,1.1,2.92,Inactive,No,No,OFF,OFF
H090,1/3/2025 4:00,29.9,77.6,484.5,0.37,1.24,0.25,1.86,Inactive,No,No,OFF,OFF
H093,1/3/2025 5:00,37.2,59.2,330.6,2.33,1.24,1.2,4.77,Inactive,No,No,OFF,OFF
H031,1/3/2025 6:00,16.8,55.4,279.9,3.96,1.25,0.28,5.49,Active,Yes,No,ON,ON
H033,1/3/2025 7:00,34.9,35.1,364.8,1.21,3.48,1.23,5.92,Inactive,No,No,OFF,OFF
H018,1/3/2025 8:00,20,70.9,434.3,3.67,0.57,0.48,4.72,Active,No,No,OFF,OFF
H106,1/3/2025 9:00,21.2,26.4,929.3,4.15,2.35,0.91,7.41,Inactive,No,No,OFF,OFF
H023,1/3/2025 10:00,31.7,75.6,236.9,1.19,2.09,2,5.28,Inactive,No,No,OFF,OFF
H001,1/3/2025 11:00,16.4,64.8,335.3,2.75,1.93,0.58,5.26,Active,No,No,OFF,OFF
H016,1/3/2025 12:00,36.9,56.7,490.8,3.64,1.96,0.85,6.45,Active,No,No,OFF,OFF
H089,1/3/2025 13:00,35.6,61.4,124.8,4.13,1.39,1.33,6.85,Inactive,No,No,OFF,OFF
H106,1/3/2025 14:00,24.8,36.6,956.5,0.48,0.79,1,2.27,Active,No,No,OFF,OFF
H078,1/3/2025 15:00,29.6,55.2,819.1,1.29,0.52,1.1,2.91,Active,No,No,OFF,OFF
H002,1/3/2025 16:00,36.1,51.5,408.7,3.77,1.29,1.07,6.13,Active,No,No,OFF,OFF
H108,1/3/2025 17:00,34.4,34.2,236.8,1.52,2.02,0.24,3.78,Inactive,No,No,OFF,OFF
H001,1/3/2025 18:00,22.7,66.5,764.4,1.22,2.71,0.52,4.45,Inactive,No,No,OFF,OFF
H058,1/3/2025 19:00,39.1,46.2,667.1,3.23,3.1,1.27,7.6,Inactive,No,No,OFF,OFF
H020,1/3/2025 20:00,19.1,47,982,1.89,2.36,1.43,5.68,Active,No,No,OFF,OFF
H092,1/3/2025 21:00,23.6,62.5,951.1,0.96,2.28,1.07,4.31,Active,No,No,OFF,OFF
H012,1/3/2025 22:00,34.4,68.3,281.9,4.48,3.01,1.3,8.79,Active,No,No,OFF,OFF
H116,1/3/2025 23:00,19.7,51.5,893.1,4.03,1.62,0.11,5.76,Active,No,No,OFF,OFF
H025,1/4/2025 0:00,25.8,52.6,854.8,2.3,2.19,0.61,5.1,Active,No,No,OFF,OFF
H082,1/4/2025 1:00,20.4,57.6,84.4,4.15,0.61,0.26,5.02,Active,No,No,OFF,OFF
H052,1/4/2025 2:00,32.3,62.4,431.7,4.16,1.34,1.29,6.79,Inactive,Yes,No,ON,ON
H037,1/4/2025 3:00,30.3,63.1,812.6,0.74,3.22,1,4.96,Inactive,No,No,OFF,OFF
H060,1/4/2025 4:00,32.7,26.1,141.9,2.29,2.22,0.15,4.66,Inactive,No,No,OFF,OFF
H097,1/4/2025 5:00,25.8,68.7,299.9,2.21,0.82,1.67,4.7,Inactive,No,No,OFF,OFF
H113,1/4/2025 6:00,29.9,40.4,605.8,0.43,2.57,0.07,3.07,Inactive,No,No,OFF,OFF
H011,1/4/2025 7:00,20.4,58,907.3,2.49,2.04,1.17,5.7,Inactive,No,No,OFF,OFF
H062,1/4/2025 8:00,21.2,46.2,992.9,4.14,2.58,1.89,8.61,Active,No,Yes,ON,ON
H087,1/4/2025 9:00,37.1,41.4,653.7,2.84,0.98,0.49,4.31,Inactive,No,No,OFF,OFF
H056,1/4/2025 10:00,33.4,72.5,896.2,3.13,0.69,0.18,4,Inactive,No,No,OFF,OFF
H038,1/4/2025 11:00,29.6,53.2,557.9,2.47,0.42,1.32,4.21,Active,No,No,OFF,OFF
H077,1/4/2025 12:00,18.3,65.3,814.9,3.52,1.86,1.13,6.51,Active,No,No,OFF,OFF
H026,1/4/2025 13:00,38,56,222.9,1.69,3.27,0.42,5.38,Inactive,No,No,OFF,OFF
H067,1/4/2025 14:00,21,63.2,707.5,0.74,3.49,1.1,5.33,Inactive,No,No,OFF,OFF
H087,1/4/2025 15:00,21.1,63,564.3,2.73,2.35,0.29,5.37,Active,No,No,OFF,OFF
H079,1/4/2025 16:00,31,72.5,870.7,2.07,3.29,1.95,7.31,Inactive,No,No,OFF,OFF
H112,1/4/2025 17:00,22.2,40.6,9.8,3.74,2.82,0.78,7.34,Active,Yes,No,ON,ON
H100,1/4/2025 18:00,26,30.8,954.6,2.04,0.66,1.72,4.42,Active,No,No,OFF,OFF
H082,1/4/2025 19:00,38.9,47.2,116.7,0.9,2.13,1.67,4.7,Inactive,No,No,OFF,OFF
H033,1/4/2025 20:00,17.7,47,145.2,3.25,2.86,0.45,6.56,Inactive,No,No,OFF,OFF
H086,1/4/2025 21:00,16.9,75.9,532.1,1.94,2.62,1.12,5.68,Inactive,No,No,OFF,OFF
H079,1/4/2025 22:00,19.9,66.3,792.5,1.36,1.5,1.14,4,Active,No,No,OFF,OFF
H024,1/4/2025 23:00,31.6,40.7,683.3,3,3.24,0.22,6.46,Inactive,No,No,OFF,OFF
H094,1/5/2025 0:00,17.1,67.9,48.7,2.39,3.21,1.24,6.84,Inactive,No,No,OFF,OFF
H014,1/5/2025 1:00,26.4,30.3,41.7,2.33,0.29,0.54,3.16,Inactive,No,No,OFF,OFF
H103,1/5/2025 2:00,32.6,34.4,148.2,2.58,0.22,0.97,3.77,Inactive,No,No,OFF,OFF
H088,1/5/2025 3:00,27.7,68.6,324,2.34,2.8,1.48,6.62,Inactive,No,No,OFF,OFF
H006,1/5/2025 4:00,20.4,62.8,92,3.64,3.1,1.49,8.23,Inactive,No,No,OFF,OFF
H114,1/5/2025 5:00,25,56,26.9,1.55,2.4,0.57,4.52,Inactive,No,No,OFF,OFF
H025,1/5/2025 6:00,37.2,43.7,635.8,2.56,3.13,1.49,7.18,Inactive,No,No,OFF,OFF
H021,1/5/2025 7:00,30.6,70.5,353,3.12,0.52,1.39,5.03,Active,No,No,OFF,OFF
H055,1/5/2025 8:00,28.7,26.3,202.6,1.59,2.77,1.64,6,Active,No,No,OFF,OFF
H076,1/5/2025 9:00,19.7,74.5,585.5,2.45,1.01,1.6,5.06,Inactive,No,No,OFF,OFF
H100,1/5/2025 10:00,36.9,62.4,717,2.04,0.88,0.97,3.89,Active,No,No,OFF,OFF
H064,1/5/2025 11:00,23.3,35.7,15.8,1.68,2.35,1.74,5.77,Active,No,No,OFF,OFF
H036,1/5/2025 12:00,17.4,73,393.2,3.85,2.64,1.52,8.01,Active,Yes,No,ON,ON
H108,1/5/2025 13:00,37.4,72.7,605.7,1.43,1.79,0.51,3.73,Inactive,Yes,No,ON,ON
H105,1/5/2025 14:00,37.6,78.1,681.7,0.83,1.55,0.4,2.78,Inactive,No,Yes,ON,ON
H078,1/5/2025 15:00,37.1,44.3,205.1,0.88,2.62,1.42,4.92,Inactive,No,No,OFF,OFF
H100,1/5/2025 16:00,29.2,71.1,862.4,0.65,0.32,0.31,1.28,Active,No,No,OFF,OFF
H087,1/5/2025 17:00,18.5,57.3,586.9,3.75,1.84,0.94,6.53,Active,No,No,OFF,OFF
H031,1/5/2025 18:00,24.7,54.1,85.9,2.13,0.79,0.1,3.02,Active,No,No,OFF,OFF
H114,1/5/2025 19:00,34.4,37.9,509.7,1.83,2.2,0.52,4.55,Active,No,No,OFF,OFF
H116,1/5/2025 20:00,16.2,73.1,985.8,1.89,2.88,1.22,5.99,Inactive,No,No,OFF,OFF
H108,1/5/2025 21:00,23.7,51.2,231.8,0.68,2.71,0.04,3.43,Inactive,No,No,OFF,OFF
H073,1/5/2025 22:00,25,58.3,259.6,1.71,1.93,0.98,4.62,Active,No,No,OFF,OFF
H027,1/5/2025 23:00,18.8,60.5,841.3,0.32,0.29,1.93,2.54,Active,No,No,OFF,OFF
H047,1/6/2025 0:00,31.2,65.8,918.4,3.58,2.97,0.06,6.61,Inactive,No,No,OFF,OFF
H025,1/6/2025 1:00,24,75.4,604,1.3,2.76,0.84,4.9,Active,No,No,OFF,OFF
H101,1/6/2025 2:00,31.6,58.5,971.3,1.39,0.44,0.38,2.21,Active,No,No,OFF,OFF
H102,1/6/2025 3:00,31.2,29.2,634.6,2.77,2.42,0.81,6,Active,No,No,OFF,OFF
H006,1/6/2025 4:00,22.5,52.2,764,3.95,2.68,1.64,8.27,Inactive,Yes,No,ON,ON
H010,1/6/2025 5:00,19.5,72.6,117.6,0.31,1.81,1.32,3.44,Active,No,No,OFF,OFF
H082,1/6/2025 6:00,31.4,28,182.1,1.25,2.16,1.44,4.85,Inactive,No,No,OFF,OFF
H083,1/6/2025 7:00,31.1,31.4,327.9,2.01,0.65,0.65,3.31,Active,No,No,OFF,OFF
H098,1/6/2025 8:00,19.8,51.9,136.2,3.06,2.94,1.9,7.9,Active,No,Yes,ON,ON
H029,1/6/2025 9:00,20.3,67,680,4.33,2.64,1.38,8.35,Active,No,Yes,ON,ON
H070,1/6/2025 10:00,29.4,71.3,472.2,2.47,3.49,1.2,7.16,Inactive,No,No,OFF,OFF
H011,1/6/2025 11:00,20.5,35.3,609.1,2.97,2.31,1.72,7,Inactive,No,No,OFF,OFF
H015,1/6/2025 12:00,32.5,74.2,178.2,2.14,1.98,1.82,5.94,Active,No,No,OFF,OFF
H057,1/6/2025 13:00,30.8,66,214.7,2.02,1.33,1.9,5.25,Inactive,No,No,OFF,OFF
H118,1/6/2025 14:00,16.6,46.7,288.3,3.5,0.93,0.26,4.69,Active,No,No,OFF,OFF
H009,1/6/2025 15:00,36.5,64.1,744.3,1.67,1.14,0.46,3.27,Inactive,No,No,OFF,OFF
H008,1/6/2025 16:00,24.6,31.5,331.5,4.25,2.11,0.53,6.89,Inactive,Yes,No,ON,ON
H063,1/6/2025 17:00,20.5,44.8,986.9,4.17,3.06,1.8,9.03,Active,No,No,OFF,OFF
H035,1/6/2025 18:00,28.7,51.6,975.7,3.15,0.98,0.34,4.47,Active,No,No,OFF,OFF
H096,1/6/2025 19:00,23.2,34.8,517.8,2.55,1.54,1.02,5.11,Active,No,No,OFF,OFF
H115,1/6/2025 20:00,22,41.4,937.4,3.85,0.25,0.3,4.4,Active,No,No,OFF,OFF
H027,1/6/2025 21:00,17.4,56.4,765.8,2.32,2.53,0.22,5.07,Active,No,No,OFF,OFF
H093,1/6/2025 22:00,26,44.8,126.9,4.11,3.04,1.3,8.45,Active,No,No,OFF,OFF
H088,1/6/2025 23:00,18.7,67.6,925.5,3.75,1.58,1.7,7.03,Inactive,No,No,OFF,OFF
H102,1/7/2025 0:00,23.6,71,242.8,3.85,1.59,0.96,6.4,Inactive,No,No,OFF,OFF
H031,1/7/2025 1:00,16.9,38.9,149.3,1.28,1.08,0.05,2.41,Inactive,No,No,OFF,OFF
H079,1/7/2025 2:00,16.5,68.9,256.1,0.74,1.49,1.96,4.19,Active,No,No,OFF,OFF
H092,1/7/2025 3:00,34.7,52.9,265.5,2.95,1.62,1.54,6.11,Inactive,No,No,OFF,OFF
H076,1/7/2025 4:00,33,51.5,199.6,2.64,2.75,0.91,6.3,Active,No,No,OFF,OFF
H101,1/7/2025 5:00,18.1,33.7,658.6,3.23,1.8,0.46,5.49,Active,No,No,OFF,OFF
H038,1/7/2025 6:00,38.3,25.4,378,0.9,0.26,1.61,2.77,Active,No,No,OFF,OFF
H037,1/7/2025 7:00,22.4,54.7,698.1,0.33,3.09,1.45,4.87,Active,No,No,OFF,OFF
H085,1/7/2025 8:00,34.9,46.1,769,1.65,3.04,0.07,4.76,Inactive,No,No,OFF,OFF
H110,1/7/2025 9:00,22.5,25.6,408.4,4,2.53,1.26,7.79,Active,No,No,OFF,OFF
H055,1/7/2025 10:00,28.5,53.5,410.2,3.76,3.4,1.74,8.9,Inactive,No,No,OFF,OFF
H088,1/7/2025 11:00,39.7,36.3,853.3,4.21,3.26,1.31,8.78,Inactive,No,No,OFF,OFF
H008,1/7/2025 12:00,26.3,59.3,149.8,0.95,2.33,0.69,3.97,Inactive,No,No,OFF,OFF
H026,1/7/2025 13:00,25.8,77,762,0.39,0.57,1.41,2.37,Inactive,No,No,OFF,OFF
H040,1/7/2025 14:00,21.1,70.5,837.9,0.81,0.68,1.59,3.08,Active,No,No,OFF,OFF
H035,1/7/2025 15:00,33.7,49.6,126.8,1.87,1.05,0.48,3.4,Active,No,No,OFF,OFF
H075,1/7/2025 16:00,39.1,39.1,777.4,3.96,3.23,1.83,9.02,Inactive,No,No,OFF,OFF
H118,1/7/2025 17:00,33.4,26.6,389.6,0.58,2.55,1.25,4.38,Active,No,Yes,ON,ON
H053,1/7/2025 18:00,20.1,68.7,250.3,2.46,0.89,1.73,5.08,Inactive,No,Yes,ON,ON
H038,1/7/2025 19:00,34.8,60.7,782.5,3.23,0.73,0.28,4.24,Active,No,No,OFF,OFF
H064,1/7/2025 20:00,30.8,55,506.1,4.15,3.16,1.33,8.64,Active,No,No,OFF,OFF
H068,1/7/2025 21:00,24.6,25.3,265.5,1.43,3.23,1.07,5.73,Inactive,No,No,OFF,OFF
H002,1/7/2025 22:00,37.6,30,194.3,0.81,1.1,1.16,3.07,Active,No,No,OFF,OFF
H048,1/7/2025 23:00,37.5,46.4,636.8,0.65,0.63,1.04,2.32,Active,No,No,OFF,OFF
H110,1/8/2025 0:00,27.8,41.1,586.8,4.31,3.37,0.39,8.07,Active,No,No,OFF,OFF
H032,1/8/2025 1:00,32.8,77.4,921.9,4.32,1.14,0.68,6.14,Inactive,No,No,OFF,OFF
H054,1/8/2025 2:00,38.2,42.4,656.9,1.54,3.02,0.11,4.67,Active,No,No,OFF,OFF
H016,1/8/2025 3:00,31.5,35.7,252,2.87,0.94,0.21,4.02,Active,No,No,OFF,OFF
H059,1/8/2025 4:00,33.7,55.2,609.7,1.32,1.3,0.56,3.18,Active,No,No,OFF,OFF
H114,1/8/2025 5:00,33.2,70.3,524.9,3.66,3.03,1.23,7.92,Inactive,No,No,OFF,OFF
H044,1/8/2025 6:00,20.3,34.4,372.8,2.21,1.02,1.74,4.97,Active,No,No,OFF,OFF
H097,1/8/2025 7:00,26.6,38,227.3,1.03,1.65,0.82,3.5,Active,No,No,OFF,OFF
H047,1/8/2025 8:00,32.5,51.9,435.9,1.87,2.39,1.89,6.15,Inactive,No,No,OFF,OFF
H012,1/8/2025 9:00,22,37,509.4,4.34,0.91,0.51,5.76,Active,No,No,OFF,OFF
H093,1/8/2025 10:00,25.8,49.9,321.6,4.23,3.18,1.05,8.46,Active,Yes,No,ON,ON
H046,1/8/2025 11:00,24,43.7,875.8,1.5,0.97,1.54,4.01,Active,No,No,OFF,OFF
H032,1/8/2025 12:00,23.7,53.8,77.5,3.55,0.48,0.57,4.6,Inactive,No,No,OFF,OFF
H008,1/8/2025 13:00,27.9,55.1,358,1.05,2.68,0.43,4.16,Active,No,No,OFF,OFF
H001,1/8/2025 14:00,32.1,44.1,698.5,1.71,1.19,1.6,4.5,Inactive,No,No,OFF,OFF
H065,1/8/2025 15:00,33.2,40.4,891.4,3.42,3.37,0.05,6.84,Active,No,No,OFF,OFF
H053,1/8/2025 16:00,16.2,62.6,511.5,2.85,2.1,0.86,5.81,Inactive,No,No,OFF,OFF
H106,1/8/2025 17:00,27.3,28.4,214.5,1.75,0.46,1.61,3.82,Inactive,No,No,OFF,OFF
H116,1/8/2025 18:00,32.1,27.5,311.4,0.92,1.74,1.12,3.78,Active,No,No,OFF,OFF
H086,1/8/2025 19:00,24.3,48.8,504,1.32,2.38,0.95,4.65,Active,No,No,OFF,OFF
H089,1/8/2025 20:00,26.2,38.7,689.9,1.4,0.54,0.58,2.52,Inactive,No,No,OFF,OFF
H018,1/8/2025 21:00,18.5,39.3,842.1,3.43,0.42,0.65,4.5,Active,No,No,OFF,OFF
H062,1/8/2025 22:00,27.4,79.5,616.1,4.04,3.36,1.02,8.42,Inactive,No,No,OFF,OFF
H118,1/8/2025 23:00,36.2,48.6,779.7,0.8,2.36,1.69,4.85,Inactive,No,No,OFF,OFF
H115,1/9/2025 0:00,23.6,79.7,817.9,0.47,1.14,1.37,2.98,Active,No,No,OFF,OFF
H064,1/9/2025 1:00,18.7,49.9,925.4,2.5,1.79,1.75,6.04,Active,No,No,OFF,OFF
H042,1/9/2025 2:00,20.1,76.1,819.4,0.92,1.35,1.81,4.08,Inactive,No,No,OFF,OFF
H085,1/9/2025 3:00,31.3,44.4,883.8,4.02,2.88,0.19,7.09,Inactive,No,No,OFF,OFF
H010,1/9/2025 4:00,18.6,79.3,330.5,1.97,1.57,1.15,4.69,Active,No,No,OFF,OFF
H053,1/9/2025 5:00,27.7,65,54.9,0.45,2.42,0.08,2.95,Inactive,No,No,OFF,OFF
H062,1/9/2025 6:00,16.7,75,110.3,2.52,2.61,1.85,6.98,Active,No,No,OFF,OFF
H029,1/9/2025 7:00,26.3,46.3,375,1.74,3.46,0.82,6.02,Active,No,No,OFF,OFF
H115,1/9/2025 8:00,16.2,79.9,59.9,0.62,1.13,1.21,2.96,Active,No,No,OFF,OFF
H086,1/9/2025 9:00,38.7,71.6,326,1.81,0.29,1.27,3.37,Active,No,No,OFF,OFF
H084,1/9/2025 10:00,23.5,51.4,832.2,1.73,2.43,1.64,5.8,Inactive,Yes,No,ON,ON
H086,1/9/2025 11:00,21.8,40.6,798.5,3.38,1.66,0.85,5.89,Active,No,No,OFF,OFF
H119,1/9/2025 12:00,18.3,40,549.1,0.91,1.67,1.73,4.31,Active,No,No,OFF,OFF
H085,1/9/2025 13:00,33.4,60.1,871.8,2.65,1.68,1.95,6.28,Active,No,No,OFF,OFF
H111,1/9/2025 14:00,32,78.3,741.8,1.48,1.86,1.6,4.94,Inactive,No,No,OFF,OFF
H107,1/9/2025 15:00,30.7,57.1,867.8,2.62,2.7,1.84,7.16,Active,No,No,OFF,OFF
H063,1/9/2025 16:00,29.8,52.4,824,2.74,0.37,1.29,4.4,Active,No,No,OFF,OFF
H069,1/9/2025 17:00,20.7,45.8,339,1.11,0.58,1.29,2.98,Inactive,No,No,OFF,OFF
H011,1/9/2025 18:00,31.7,26.6,657.6,4.22,0.54,1.05,5.81,Inactive,No,No,OFF,OFF
H058,1/9/2025 19:00,23.9,36.6,695.7,0.51,2.48,1.57,4.56,Active,No,No,OFF,OFF
H083,1/9/2025 20:00,23.1,27.1,906.9,1.08,2.24,1.37,4.69,Inactive,No,No,OFF,OFF
H011,1/9/2025 21:00,31.6,40,94.5,1.08,2.06,0.37,3.51,Inactive,No,No,OFF,OFF
H004,1/9/2025 22:00,18.7,47.5,867.3,1.29,2.36,0.17,3.82,Active,No,No,OFF,OFF
H084,1/9/2025 23:00,39.9,41,446.2,3.41,3.23,0.21,6.85,Active,No,No,OFF,OFF
H079,1/10/2025 0:00,21.5,76.8,981.8,4.03,1.62,0.4,6.05,Active,No,No,OFF,OFF
H006,1/10/2025 1:00,36.3,78.1,578.5,2.61,1.19,0.6,4.4,Active,No,No,OFF,OFF
H120,1/10/2025 2:00,26.8,76.2,281.2,2.37,1.51,0.36,4.24,Active,No,No,OFF,OFF
H027,1/10/2025 3:00,34.9,30.1,994,2.75,0.41,1.04,4.2,Inactive,No,No,OFF,OFF
H013,1/10/2025 4:00,30,40.5,866.4,1.58,0.31,1.07,2.96,Active,No,Yes,ON,ON
H100,1/10/2025 5:00,33.5,26.8,160.1,1.33,2.22,1.89,5.44,Active,No,No,OFF,OFF
H083,1/10/2025 6:00,36.9,68.2,588.6,4.4,0.66,1.29,6.35,Inactive,No,No,OFF,OFF
H053,1/10/2025 7:00,27.1,68.1,302.1,0.47,3.26,1.25,4.98,Active,No,No,OFF,OFF
H119,1/10/2025 8:00,16.7,48.2,439.8,3.05,2.91,0.58,6.54,Active,No,No,OFF,OFF
H009,1/10/2025 9:00,29.4,51.6,566.5,3.42,2.1,0.11,5.63,Active,No,No,OFF,OFF
H083,1/10/2025 10:00,27,47.3,966,3.92,2.58,0.88,7.38,Inactive,No,No,OFF,OFF
H036,1/10/2025 11:00,29.1,44,17.5,4.28,2.7,0.05,7.03,Active,No,No,OFF,OFF
H012,1/10/2025 12:00,16.8,60,58.4,3.66,2.26,1.94,7.86,Inactive,No,Yes,ON,ON
H094,1/10/2025 13:00,24.2,36.5,833.7,2.13,1.42,1.43,4.98,Active,No,No,OFF,OFF
H011,1/10/2025 14:00,26.1,26.4,176.3,3.34,2.28,1.06,6.68,Inactive,No,No,OFF,OFF
H052,1/10/2025 15:00,22.8,64.2,989.6,3.79,0.75,1.34,5.88,Inactive,No,No,OFF,OFF
H019,1/10/2025 16:00,25.4,70.7,721.1,4.1,1.25,1.47,6.82,Inactive,Yes,No,ON,ON
H025,1/10/2025 17:00,25.5,32,83,3.88,0.81,0.01,4.7,Active,No,No,OFF,OFF
H081,1/10/2025 18:00,19.6,74.5,280.5,2.53,1.68,1.51,5.72,Inactive,No,No,OFF,OFF
H004,1/10/2025 19:00,33.4,75,708,1.09,0.57,1.05,2.71,Active,No,No,OFF,OFF
H111,1/10/2025 20:00,33.9,52.7,286.6,0.82,1.72,1.14,3.68,Active,No,No,OFF,OFF
H074,1/10/2025 21:00,16.5,34.6,394.1,3.08,1.15,1.96,6.19,Inactive,No,No,OFF,OFF
H101,1/10/2025 22:00,29.4,33.9,858.9,3.75,3.13,1.01,7.89,Active,No,No,OFF,OFF
H050,1/10/2025 23:00,30.4,60.9,846,1.52,1.51,0.72,3.75,Inactive,No,No,OFF,OFF
H031,1/11/2025 0:00,31.4,74.1,658.7,2.45,0.4,1.35,4.2,Inactive,No,No,OFF,OFF
H023,1/11/2025 1:00,30.3,37.4,36.8,1.47,3.3,0.57,5.34,Inactive,No,No,OFF,OFF
H053,1/11/2025 2:00,18.4,55.5,776.7,0.33,1.24,1.56,3.13,Inactive,No,No,OFF,OFF
H020,1/11/2025 3:00,36.8,28,203.3,4.09,0.66,0.08,4.83,Active,Yes,No,ON,ON
H080,1/11/2025 4:00,39,63.9,553.3,1.9,1.59,0.71,4.2,Inactive,No,No,OFF,OFF
H022,1/11/2025 5:00,24.1,32.6,298.3,2.05,0.85,1.3,4.2,Inactive,No,No,OFF,OFF
H089,1/11/2025 6:00,30.7,51.6,3.1,1.05,1.49,0.11,2.65,Active,No,No,OFF,OFF
H023,1/11/2025 7:00,18.7,66.1,553.1,3.07,2.31,1.08,6.46,Active,No,No,OFF,OFF
H082,1/11/2025 8:00,18.7,39.4,477.5,1.28,2.2,0.99,4.47,Inactive,No,No,OFF,OFF
H086,1/11/2025 9:00,36.1,52.3,672.9,2.79,0.49,1.45,4.73,Active,No,No,OFF,OFF
H110,1/11/2025 10:00,25.4,40.2,650.1,1.65,2.62,1.97,6.24,Active,No,No,OFF,OFF
H084,1/11/2025 11:00,26.2,70.2,981.8,3.52,1.19,0.04,4.75,Active,No,No,OFF,OFF
H038,1/11/2025 12:00,23.2,78.5,589.7,0.91,0.22,1.07,2.2,Inactive,No,No,OFF,OFF
H079,1/11/2025 13:00,25.4,44,884.7,3.16,2.35,0.94,6.45,Active,No,No,OFF,OFF
H050,1/11/2025 14:00,30.9,67.6,279.8,0.93,1.3,0.66,2.89,Inactive,No,No,OFF,OFF
H088,1/11/2025 15:00,25,58.3,941.8,3.1,3.17,0.01,6.28,Inactive,Yes,No,ON,ON
H015,1/11/2025 16:00,18.9,39.3,484.5,2.89,3.39,1.94,8.22,Active,No,Yes,ON,ON
H072,1/11/2025 17:00,28,76.2,292.2,3.43,2.11,0.02,5.56,Active,No,No,OFF,OFF
H045,1/11/2025 18:00,21.4,63.8,122.3,0.55,3.22,0.09,3.86,Active,No,No,OFF,OFF
H102,1/11/2025 19:00,38.9,77.8,558.2,2.31,1.18,0.81,4.3,Inactive,No,No,OFF,OFF
H061,1/11/2025 20:00,35.8,65.3,549.3,1.19,0.78,0.88,2.85,Inactive,No,No,OFF,OFF
H096,1/11/2025 21:00,36.7,76.7,525.2,4.02,1.17,0.67,5.86,Active,Yes,No,ON,ON
H076,1/11/2025 22:00,31.6,63.4,550.7,3.9,2.09,0.04,6.03,Inactive,Yes,No,ON,ON
H034,1/11/2025 23:00,17,44.4,363.4,1.25,2.37,0.8,4.42,Active,No,No,OFF,OFF
H067,1/12/2025 0:00,34.1,71.9,841.1,0.45,1.28,1.33,3.06,Inactive,No,No,OFF,OFF
H115,1/12/2025 1:00,29,53.7,407,2.66,1.3,0.78,4.74,Inactive,No,No,OFF,OFF
H007,1/12/2025 2:00,36.5,73.3,969.7,1.35,1.02,0.04,2.41,Active,No,No,OFF,OFF
H055,1/12/2025 3:00,17.5,36.3,32.6,3.87,3.41,1.34,8.62,Inactive,Yes,No,ON,ON
H036,1/12/2025 4:00,30.3,71.6,128.4,3.25,0.93,0.77,4.95,Inactive,No,No,OFF,OFF
H004,1/12/2025 5:00,22.8,35.8,954.5,1.35,2.99,0.94,5.28,Active,No,No,OFF,OFF
H107,1/12/2025 6:00,29.9,47.1,810.4,3.59,3.12,1.24,7.95,Active,No,No,OFF,OFF
H051,1/12/2025 7:00,34.5,59.1,234.5,3.87,2.46,0.91,7.24,Active,Yes,No,ON,ON
H040,1/12/2025 8:00,16.3,27.2,651.8,2.74,3.46,1.35,7.55,Active,No,No,OFF,OFF
H017,1/12/2025 9:00,18.4,68,27.7,0.94,1.45,1.48,3.87,Inactive,No,No,OFF,OFF
H021,1/12/2025 10:00,18.6,75.1,950.3,4.34,2.47,0.44,7.25,Active,No,No,OFF,OFF
H002,1/12/2025 11:00,23.4,50.4,220.4,4.38,0.27,0.64,5.29,Active,No,No,OFF,OFF
H095,1/12/2025 12:00,32.6,42.9,965.6,2.22,1.33,0.08,3.63,Inactive,No,No,OFF,OFF
H047,1/12/2025 13:00,25.9,36.5,325.4,2.36,1.77,0.95,5.08,Active,No,No,OFF,OFF
H058,1/12/2025 14:00,33.2,71.4,79.3,0.71,1.81,1.81,4.33,Inactive,No,No,OFF,OFF
H003,1/12/2025 15:00,26.6,60.3,851.3,1.79,3.27,1.02,6.08,Active,No,Yes,ON,ON
H104,1/12/2025 16:00,28.9,44.4,583,4.38,0.99,1.14,6.51,Inactive,No,No,OFF,OFF
H025,1/12/2025 17:00,18.6,64.8,47.9,2.08,1.56,1.8,5.44,Inactive,No,No,OFF,OFF
H044,1/12/2025 18:00,23.1,41.8,661.2,4.49,1.79,1.03,7.31,Inactive,No,No,OFF,OFF
H117,1/12/2025 19:00,24.4,73.7,902.1,1.63,2.56,1.47,5.66,Inactive,No,No,OFF,OFF
H075,1/12/2025 20:00,20.4,40.6,264.4,2.03,2.3,0.96,5.29,Active,No,No,OFF,OFF
H115,1/12/2025 21:00,32.5,73.6,251.9,3.21,3.3,1.89,8.4,Inactive,No,Yes,ON,ON
H045,1/12/2025 22:00,35.2,54.8,504.7,3.4,2.47,0.45,6.32,Active,No,Yes,ON,ON
H042,1/12/2025 23:00,34.6,36.4,554.3,2.39,1.63,0.22,4.24,Inactive,No,No,OFF,OFF
H029,1/13/2025 0:00,29.6,41.8,806.8,0.51,1.11,0.38,2,Active,No,No,OFF,OFF
H115,1/13/2025 1:00,26.5,29,852,3.07,1.21,1.02,5.3,Active,No,No,OFF,OFF
H080,1/13/2025 2:00,16.7,79.3,759.6,1.16,2.97,0.02,4.15,Inactive,No,No,OFF,OFF
H098,1/13/2025 3:00,36.9,41,288.7,1.33,2.14,1.95,5.42,Active,No,No,OFF,OFF
H004,1/13/2025 4:00,28.4,76.8,632.2,4.36,3.05,1.93,9.34,Inactive,No,No,OFF,OFF
H007,1/13/2025 5:00,17.2,66.9,591.5,0.48,3.4,0.88,4.76,Inactive,No,No,OFF,OFF
H070,1/13/2025 6:00,27.6,65.4,414.8,0.82,0.87,0.55,2.24,Inactive,No,No,OFF,OFF
H053,1/13/2025 7:00,34,79.6,944.9,3.29,2.36,0.87,6.52,Active,No,No,OFF,OFF
H098,1/13/2025 8:00,31.8,77.2,224.8,3.52,0.31,0.87,4.7,Active,Yes,No,ON,ON
H060,1/13/2025 9:00,32.2,46.3,619.8,1.88,0.36,1.04,3.28,Inactive,No,No,OFF,OFF
H018,1/13/2025 10:00,32.3,42.1,618.9,1.73,2,0.58,4.31,Active,No,No,OFF,OFF
H116,1/13/2025 11:00,17,78.1,708.3,0.86,1.1,1.8,3.76,Active,No,Yes,ON,ON
H032,1/13/2025 12:00,22.1,42.3,682,4.38,2.8,1.29,8.47,Inactive,Yes,No,ON,ON
H009,1/13/2025 13:00,36.5,69.7,488,0.8,1.93,0.99,3.72,Inactive,No,No,OFF,OFF
H077,1/13/2025 14:00,25.5,75.6,86.8,1.61,1.8,1.58,4.99,Active,No,No,OFF,OFF
H057,1/13/2025 15:00,27.6,28.8,165.1,4.48,2.47,0.39,7.34,Inactive,No,No,OFF,OFF
H100,1/13/2025 16:00,22.8,58.9,378.9,4.2,2.31,1.49,8,Inactive,No,No,OFF,OFF
H085,1/13/2025 17:00,37.5,34,673.3,0.35,0.86,1.69,2.9,Active,No,No,OFF,OFF
H013,1/13/2025 18:00,32.7,33.3,83.6,1.84,1.09,2,4.93,Inactive,No,No,OFF,OFF
H090,1/13/2025 19:00,19.6,69.3,783.1,1.94,3.35,0.28,5.57,Active,No,No,OFF,OFF
H003,1/13/2025 20:00,30.4,30.4,648.9,3.02,3.01,0.83,6.86,Active,No,No,OFF,OFF
H041,1/13/2025 21:00,27.8,63,462.8,1.54,3.36,1.05,5.95,Inactive,No,No,OFF,OFF
H045,1/13/2025 22:00,24.6,47.2,454.1,1.18,0.64,0.94,2.76,Active,No,No,OFF,OFF
H065,1/13/2025 23:00,28.9,56.3,428.9,3.95,1.91,0.67,6.53,Inactive,No,No,OFF,OFF
H076,1/14/2025 0:00,36.5,27.6,428.7,1.2,3.23,1.26,5.69,Active,No,No,OFF,OFF
H046,1/14/2025 1:00,19,45.6,609.1,1.01,0.57,1.47,3.05,Inactive,No,No,OFF,OFF
H061,1/14/2025 2:00,20.4,67.9,500.3,1.68,1.8,1.71,5.19,Active,No,No,OFF,OFF
H012,1/14/2025 3:00,17.1,54.1,8.3,4.38,2.29,0.91,7.58,Inactive,No,No,OFF,OFF
H011,1/14/2025 4:00,20.5,62.8,253.3,3.53,1.65,0.26,5.44,Active,No,No,OFF,OFF
H069,1/14/2025 5:00,29.4,50.2,818.8,3.26,1.4,1.18,5.84,Active,No,No,OFF,OFF
H067,1/14/2025 6:00,18.5,34.2,27,2.78,1.35,0.84,4.97,Active,No,No,OFF,OFF
H111,1/14/2025 7:00,18.1,26.1,929.9,0.45,3.12,1.83,5.4,Active,No,Yes,ON,ON
H096,1/14/2025 8:00,18.3,30.9,782.5,4.05,1.57,0.92,6.54,Active,No,No,OFF,OFF
H061,1/14/2025 9:00,28.1,65.4,713.6,1.89,1.07,1.5,4.46,Inactive,No,No,OFF,OFF
H017,1/14/2025 10:00,36.1,42.8,950.6,2.55,0.26,0.01,2.82,Active,No,No,OFF,OFF
H045,1/14/2025 11:00,24,72.8,358.6,3.57,0.46,0.63,4.66,Active,No,No,OFF,OFF
H045,1/14/2025 12:00,22.6,55.3,283.6,3.51,2.23,1.76,7.5,Active,No,No,OFF,OFF
H105,1/14/2025 13:00,25.9,35.7,923.3,1.7,2.79,1.43,5.92,Inactive,No,No,OFF,OFF
H057,1/14/2025 14:00,18.4,62.6,846.7,1.92,1.6,0.13,3.65,Active,No,No,OFF,OFF
H007,1/14/2025 15:00,27.5,46.4,300.9,2.26,0.82,1.64,4.72,Inactive,No,Yes,ON,ON
H068,1/14/2025 16:00,30.5,54.5,35.9,4.19,1.32,0.92,6.43,Inactive,No,No,OFF,OFF
H039,1/14/2025 17:00,18.9,74,211.2,1.91,3.39,0.95,6.25,Inactive,No,No,OFF,OFF
H046,1/14/2025 18:00,34.2,59.7,447.9,3.36,2.41,1.56,7.33,Inactive,No,No,OFF,OFF
H056,1/14/2025 19:00,38.5,39.5,173.8,2.83,0.56,0.85,4.24,Inactive,No,No,OFF,OFF
H033,1/14/2025 20:00,33.5,71.9,719.5,0.6,0.67,0.25,1.52,Inactive,No,No,OFF,OFF
H098,1/14/2025 21:00,34.5,59.4,333.7,1.77,1.01,1.11,3.89,Active,No,No,OFF,OFF
H114,1/14/2025 22:00,26.9,39.1,923.4,2.25,1.43,1.18,4.86,Active,No,No,OFF,OFF
H047,1/14/2025 23:00,20.4,67.5,425.3,0.35,0.96,1.05,2.36,Active,No,No,OFF,OFF
H058,1/15/2025 0:00,37.1,61.4,287.5,4.38,1.83,1.55,7.76,Active,No,No,OFF,OFF
H045,1/15/2025 1:00,29.4,64.6,770.1,3.51,1.55,0.25,5.31,Active,Yes,No,ON,ON
H060,1/15/2025 2:00,17.1,57.6,194.3,0.76,1.94,0.35,3.05,Inactive,No,No,OFF,OFF
H010,1/15/2025 3:00,24.9,44.3,915.6,1.14,2.26,1.56,4.96,Active,No,No,OFF,OFF
H002,1/15/2025 4:00,39.3,59,661.4,0.35,3.34,0.78,4.47,Active,No,No,OFF,OFF
H111,1/15/2025 5:00,27.7,39.1,318.3,2.9,3.46,1.66,8.02,Inactive,No,No,OFF,OFF
H096,1/15/2025 6:00,37.6,29.8,476.1,3.79,0.64,1.6,6.03,Inactive,No,No,OFF,OFF
H049,1/15/2025 7:00,21.6,29.2,143.8,2,1.74,0.92,4.66,Active,No,No,OFF,OFF
H062,1/15/2025 8:00,36.1,35,526.3,2.79,1.25,1.29,5.33,Inactive,No,No,OFF,OFF
H100,1/15/2025 9:00,21.1,66.7,131.5,1.64,1.61,0,3.25,Inactive,No,No,OFF,OFF
H117,1/15/2025 10:00,32.1,31.4,725.5,3.87,2.87,0.43,7.17,Inactive,No,No,OFF,OFF
H102,1/15/2025 11:00,22.6,31.5,699.4,3.1,0.72,1.07,4.89,Inactive,No,No,OFF,OFF
H001,1/15/2025 12:00,16.6,25.4,233.4,1.24,3.07,1.37,5.68,Inactive,No,No,OFF,OFF
H034,1/15/2025 13:00,27.4,26,179.7,2.16,0.62,0.23,3.01,Inactive,No,No,OFF,OFF
H100,1/15/2025 14:00,34.3,42.2,825.3,0.69,2.17,0.99,3.85,Inactive,No,No,OFF,OFF
H007,1/15/2025 15:00,25.8,48.3,273.3,0.5,0.57,1.4,2.47,Active,No,No,OFF,OFF
H101,1/15/2025 16:00,32.1,45.1,553.6,1.32,2.25,1.13,4.7,Inactive,No,No,OFF,OFF
H058,1/15/2025 17:00,22.4,51,106.4,3.57,2.62,1.54,7.73,Inactive,No,No,OFF,OFF
H109,1/15/2025 18:00,21.6,42.1,103.8,2.3,3.16,0.5,5.96,Inactive,No,No,OFF,OFF
H078,1/15/2025 19:00,31.7,50.7,505.5,2.41,2.16,1.6,6.17,Active,No,No,OFF,OFF
H095,1/15/2025 20:00,17.8,79.3,18.3,3.17,3.26,0.81,7.24,Active,No,No,OFF,OFF
H120,1/15/2025 21:00,37.5,59.2,997.1,3.85,1.41,1.86,7.12,Active,No,No,OFF,OFF
H075,1/15/2025 22:00,29.8,60.7,901.5,4.49,1.23,1.78,7.5,Active,No,No,OFF,OFF
H022,1/15/2025 23:00,36.8,59.7,351.1,1.42,0.75,0.34,2.51,Inactive,No,No,OFF,OFF
H112,1/16/2025 0:00,27.4,60.5,392.8,3.51,1.46,1.69,6.66,Inactive,No,No,OFF,OFF
H086,1/16/2025 1:00,16.6,70,714.2,4.44,1.26,1.87,7.57,Inactive,No,No,OFF,OFF
H081,1/16/2025 2:00,17.2,49.1,667.9,1.07,1.1,1.04,3.21,Inactive,No,No,OFF,OFF
H119,1/16/2025 3:00,24.1,71.8,539.5,3.77,3.34,1.95,9.06,Inactive,No,No,OFF,OFF
H074,1/16/2025 4:00,22.3,27.1,883.8,2.7,2.08,0.21,4.99,Inactive,No,No,OFF,OFF
H108,1/16/2025 5:00,20.7,57.3,852.4,2.1,3.27,0.19,5.56,Inactive,No,No,OFF,OFF
H101,1/16/2025 6:00,18.2,71.3,312.3,3.69,1.31,1.2,6.2,Active,No,No,OFF,OFF
H001,1/16/2025 7:00,33.8,70.3,509.8,0.91,1.98,1.98,4.87,Active,No,Yes,ON,ON
H049,1/16/2025 8:00,22.6,62.6,53.2,4.4,2.37,1.31,8.08,Active,No,No,OFF,OFF
H120,1/16/2025 9:00,19.7,48.9,30.2,3.53,2.88,1.14,7.55,Active,No,No,OFF,OFF
H002,1/16/2025 10:00,36.7,37.7,500.5,3.68,3.18,1.52,8.38,Inactive,No,No,OFF,OFF
H098,1/16/2025 11:00,33.8,61.3,550.7,2.15,0.7,1.88,4.73,Active,No,Yes,ON,ON
H088,1/16/2025 12:00,34.1,78.1,240.4,2.62,2.96,0.82,6.4,Inactive,No,No,OFF,OFF
H113,1/16/2025 13:00,18.8,52.2,763.7,1.18,0.73,0.55,2.46,Active,No,No,OFF,OFF
H030,1/16/2025 14:00,17,51.7,498.1,3.12,0.89,1.43,5.44,Inactive,No,No,OFF,OFF
H063,1/16/2025 15:00,17.5,44.9,982.1,2.65,0.51,1.54,4.7,Active,No,No,OFF,OFF
H030,1/16/2025 16:00,28.2,79.4,490.8,1.89,3.42,0.31,5.62,Active,No,No,OFF,OFF
H033,1/16/2025 17:00,34.5,31.9,859.3,3.04,1.28,1.81,6.13,Inactive,No,No,OFF,OFF
H102,1/16/2025 18:00,30.7,32.5,905.9,0.93,1.87,1.58,4.38,Active,No,No,OFF,OFF
H043,1/16/2025 19:00,19.8,62.5,787,0.55,1.53,0.63,2.71,Inactive,No,No,OFF,OFF
H087,1/16/2025 20:00,38,52.7,144.6,0.9,1.23,1.94,4.07,Inactive,No,No,OFF,OFF
H073,1/16/2025 21:00,38.7,67.2,353.4,4.38,2.34,1.19,7.91,Active,No,No,OFF,OFF
H073,1/16/2025 22:00,27.8,25.1,346.7,3.69,0.31,0.11,4.11,Inactive,No,No,OFF,OFF
H082,1/16/2025 23:00,23.7,62.7,249.9,3.5,1.54,1.89,6.93,Inactive,No,No,OFF,OFF
H053,1/17/2025 0:00,23.4,30.3,865.9,2.73,3.14,0.68,6.55,Active,No,No,OFF,OFF
H090,1/17/2025 1:00,28.9,51.9,140.5,2,1.22,0.62,3.84,Active,No,No,OFF,OFF
H056,1/17/2025 2:00,24,39.1,379.2,0.54,2.38,2,4.92,Active,No,No,OFF,OFF
H119,1/17/2025 3:00,34,47.1,168.5,4.25,0.6,0,4.85,Active,Yes,No,ON,ON
H015,1/17/2025 4:00,21.2,30.4,773.4,2.53,3.19,1.07,6.79,Active,No,No,OFF,OFF
H056,1/17/2025 5:00,35.8,49.7,590.1,4.01,2.39,1.48,7.88,Inactive,Yes,No,ON,ON
H101,1/17/2025 6:00,25.8,65,354.5,0.51,0.64,1.99,3.14,Active,No,No,OFF,OFF
H060,1/17/2025 7:00,27,42.7,260.9,2.68,2.35,0.71,5.74,Active,No,No,OFF,OFF
H076,1/17/2025 8:00,23.2,61.1,12.9,2.16,2.63,0.04,4.83,Inactive,No,No,OFF,OFF
H045,1/17/2025 9:00,23.1,50.2,120.8,3.83,3.18,1.92,8.93,Active,No,Yes,ON,ON
H083,1/17/2025 10:00,23.7,63.5,961.6,4.04,2.35,0.97,7.36,Inactive,No,No,OFF,OFF
H025,1/17/2025 11:00,32.5,37.9,885.7,1.9,2.37,0.47,4.74,Active,No,No,OFF,OFF
H057,1/17/2025 12:00,23.7,51.5,805.9,3.92,1.04,1.25,6.21,Inactive,Yes,No,ON,ON
H064,1/17/2025 13:00,22,63.4,552.3,3.16,1.31,0.21,4.68,Active,No,No,OFF,OFF
H097,1/17/2025 14:00,19,61,938.2,2.36,2.16,1.61,6.13,Inactive,No,No,OFF,OFF
H104,1/17/2025 15:00,29.2,38.6,169.2,1.03,1.44,0.8,3.27,Inactive,No,No,OFF,OFF
H046,1/17/2025 16:00,22.3,47,354.8,3.24,1.89,0.51,5.64,Inactive,No,No,OFF,OFF
H042,1/17/2025 17:00,23.7,39.5,387.2,0.94,3.14,0.66,4.74,Inactive,No,No,OFF,OFF
H074,1/17/2025 18:00,26.5,71.4,478.9,3.93,1.09,0.92,5.94,Inactive,No,No,OFF,OFF
H058,1/17/2025 19:00,32.7,32.2,244,0.84,2.91,1.83,5.58,Active,No,Yes,ON,ON
H103,1/17/2025 20:00,21.2,54.1,462.3,3.96,3.05,0.78,7.79,Inactive,No,No,OFF,OFF
H120,1/17/2025 21:00,20.9,44.5,131.5,3.93,0.63,0.35,4.91,Active,No,No,OFF,OFF
H028,1/17/2025 22:00,21.4,28.3,415.3,2.97,2.7,1.17,6.84,Active,No,No,OFF,OFF
H081,1/17/2025 23:00,37.4,29.3,918.6,4.41,2.39,1.44,8.24,Inactive,No,No,OFF,OFF
H003,1/18/2025 0:00,29.3,33.8,692.7,1.67,1.84,0.99,4.5,Inactive,No,No,OFF,OFF
H074,1/18/2025 1:00,20.8,56.4,153,1.88,3.09,0.7,5.67,Active,No,No,OFF,OFF
H106,1/18/2025 2:00,38.4,74.8,19.4,4.36,2.31,0.49,7.16,Active,No,No,OFF,OFF
H117,1/18/2025 3:00,18.9,55.9,489,0.95,0.68,1.11,2.74,Inactive,No,No,OFF,OFF
H048,1/18/2025 4:00,23.1,56.7,367.9,4.09,2.89,0.47,7.45,Active,Yes,No,ON,ON
H054,1/18/2025 5:00,33,39.7,734.4,1.75,2.74,1.13,5.62,Inactive,No,No,OFF,OFF
H108,1/18/2025 6:00,36.5,69.7,477.6,3.82,2.34,0.51,6.67,Inactive,No,No,OFF,OFF
H002,1/18/2025 7:00,31.2,59.4,995.7,3.3,0.84,1.39,5.53,Active,No,No,OFF,OFF
H119,1/18/2025 8:00,22.5,54.8,728.6,0.43,3.04,1.68,5.15,Active,No,No,OFF,OFF
H113,1/18/2025 9:00,26.7,32.1,560.2,1.2,0.6,0.13,1.93,Active,No,No,OFF,OFF
H085,1/18/2025 10:00,25.7,49.6,320.2,1.97,0.27,1.16,3.4,Inactive,No,No,OFF,OFF
H044,1/18/2025 11:00,25,26.1,334.3,3.63,0.23,1.08,4.94,Active,No,No,OFF,OFF
H083,1/18/2025 12:00,34.6,40.8,341.1,2.05,3.38,1.54,6.97,Inactive,No,No,OFF,OFF
H042,1/18/2025 13:00,37.7,41.5,359.4,3.21,3.01,1.8,8.02,Active,No,No,OFF,OFF
H110,1/18/2025 14:00,34.6,52.2,28.9,1.18,3.17,0.86,5.21,Inactive,No,No,OFF,OFF
H076,1/18/2025 15:00,17.8,47.7,950.9,1.47,1.79,0.98,4.24,Active,No,No,OFF,OFF
H031,1/18/2025 16:00,18.5,27.1,27.1,0.86,2.17,0.89,3.92,Active,No,No,OFF,OFF
H094,1/18/2025 17:00,24.1,62.5,212.7,0.75,0.67,1.19,2.61,Inactive,No,No,OFF,OFF
H080,1/18/2025 18:00,23.8,55.9,260.8,1.39,2.36,1.46,5.21,Inactive,No,No,OFF,OFF
H067,1/18/2025 19:00,25.4,47.6,157.5,2.54,3.45,1.59,7.58,Inactive,No,No,OFF,OFF
H012,1/18/2025 20:00,24.1,44.5,145.3,2.82,3.08,0.33,6.23,Inactive,No,No,OFF,OFF
H080,1/18/2025 21:00,34.1,39.7,817.7,1.88,2.44,0.47,4.79,Active,No,No,OFF,OFF
H063,1/18/2025 22:00,36.7,35.8,147.2,3.06,0.58,0.83,4.47,Inactive,No,No,OFF,OFF
H088,1/18/2025 23:00,20.5,71.5,0.8,2.88,1.9,1.66,6.44,Active,No,No,OFF,OFF
H118,1/19/2025 0:00,30,61.1,817.2,0.51,1.75,0.15,2.41,Inactive,No,No,OFF,OFF
H106,1/19/2025 1:00,33.1,42.1,202,2.8,0.71,0.21,3.72,Inactive,No,No,OFF,OFF
H004,1/19/2025 2:00,17.1,36,133.7,1.45,2.36,0.84,4.65,Inactive,No,No,OFF,OFF
H085,1/19/2025 3:00,26,45,818.4,0.99,3.28,0.04,4.31,Active,No,No,OFF,OFF
H115,1/19/2025 4:00,31,70.5,113.2,0.99,1.08,0.11,2.18,Inactive,No,No,OFF,OFF
H023,1/19/2025 5:00,33.7,65.4,868.5,3.29,3.1,1.11,7.5,Active,No,No,OFF,OFF
H022,1/19/2025 6:00,20.4,40.4,917.8,1.88,3.23,1.72,6.83,Active,No,No,OFF,OFF
H107,1/19/2025 7:00,32.2,41.1,36.3,2.45,0.79,1.93,5.17,Inactive,No,Yes,ON,ON
H072,1/19/2025 8:00,27.6,43.3,852.4,2.42,0.59,0.16,3.17,Active,Yes,No,ON,ON
H019,1/19/2025 9:00,33,41.2,407.6,4.34,3.28,0.86,8.48,Active,No,No,OFF,OFF
H023,1/19/2025 10:00,27.6,32.2,63,0.65,2.72,1.77,5.14,Active,No,No,OFF,OFF
H108,1/19/2025 11:00,35.9,29.4,973.7,1,2.54,0.59,4.13,Inactive,No,No,OFF,OFF
H006,1/19/2025 12:00,19.2,26.4,88.9,4.47,1.86,0.53,6.86,Active,Yes,No,ON,ON
H038,1/19/2025 13:00,33.1,64.4,461.1,0.8,2.23,1.12,4.15,Active,No,No,OFF,OFF
H119,1/19/2025 14:00,33.4,34.5,491.1,2.92,0.46,1.49,4.87,Active,No,No,OFF,OFF
H105,1/19/2025 15:00,29.1,75.2,481.3,4.19,1.89,1.52,7.6,Active,No,Yes,ON,ON
H010,1/19/2025 16:00,23.8,64,806.6,2.96,1.69,0.24,4.89,Active,No,No,OFF,OFF
H049,1/19/2025 17:00,17.8,49.4,925.6,4.43,2.92,1.44,8.79,Inactive,No,No,OFF,OFF
H108,1/19/2025 18:00,30.7,30.5,667.6,4.11,1.42,1.37,6.9,Active,Yes,No,ON,ON
H096,1/19/2025 19:00,38.6,66.7,497.6,3.87,2.31,0.21,6.39,Inactive,No,No,OFF,OFF
H061,1/19/2025 20:00,22.4,28.6,741.5,0.56,1.25,0.62,2.43,Inactive,No,No,OFF,OFF
H096,1/19/2025 21:00,24.1,72.2,189.9,1.2,2.01,0.66,3.87,Inactive,No,No,OFF,OFF
H049,1/19/2025 22:00,29.5,74.7,432.2,2.54,2.3,1.71,6.55,Active,No,No,OFF,OFF
H052,1/19/2025 23:00,33.1,60,773.9,4.47,1.38,0.33,6.18,Inactive,No,Yes,ON,ON
H046,1/20/2025 0:00,16.3,34.6,551.7,2.48,0.33,1.16,3.97,Inactive,No,No,OFF,OFF
H004,1/20/2025 1:00,17.4,75.8,280.5,2.8,1.71,1.71,6.22,Active,No,No,OFF,OFF
H042,1/20/2025 2:00,22.1,77,731,0.62,3.08,1.88,5.58,Active,No,No,OFF,OFF
H008,1/20/2025 3:00,32.7,65.7,323.5,1.85,1.63,1,4.48,Active,No,No,OFF,OFF
H034,1/20/2025 4:00,17.8,46.8,789.2,1.74,3.05,0.88,5.67,Inactive,No,No,OFF,OFF
H077,1/20/2025 5:00,37.6,47.4,358,2.34,1.84,0.62,4.8,Active,No,No,OFF,OFF
H025,1/20/2025 6:00,26.9,52.1,297.1,1.95,1.91,0.26,4.12,Inactive,No,No,OFF,OFF
H018,1/20/2025 7:00,28.5,42,86.7,4.39,1.06,1.66,7.11,Active,No,No,OFF,OFF
H007,1/20/2025 8:00,26.6,43.4,395,4.23,0.7,0.67,5.6,Active,No,No,OFF,OFF
H018,1/20/2025 9:00,24.9,50.1,16.1,0.48,3.31,1.56,5.35,Inactive,No,No,OFF,OFF
H046,1/20/2025 10:00,39.7,79.1,361.8,1.21,1.56,1.96,4.73,Inactive,No,No,OFF,OFF
H107,1/20/2025 11:00,31.5,54.6,743.6,3.37,3.34,0.31,7.02,Inactive,No,Yes,ON,ON
H077,1/20/2025 12:00,39.2,38.4,937,2.98,2,0.85,5.83,Active,Yes,No,ON,ON
H085,1/20/2025 13:00,34.9,65.6,280.1,2.16,0.31,1.92,4.39,Inactive,No,Yes,ON,ON
H056,1/20/2025 14:00,27.2,28.4,626.7,0.47,0.88,1.82,3.17,Inactive,No,Yes,ON,ON
H066,1/20/2025 15:00,22.5,41.5,954.5,0.43,1.47,1.38,3.28,Inactive,No,No,OFF,OFF
H026,1/20/2025 16:00,24.6,63.7,992.8,1.21,1.61,0.86,3.68,Active,No,No,OFF,OFF
H036,1/20/2025 17:00,23,26.6,277.8,2.81,3.48,1.01,7.3,Inactive,No,No,OFF,OFF
H002,1/20/2025 18:00,16.1,72.9,943.6,1.33,1.57,0.37,3.27,Active,No,No,OFF,OFF
H023,1/20/2025 19:00,35.6,40.3,452.5,2.31,0.7,1.85,4.86,Active,No,Yes,ON,ON
H117,1/20/2025 20:00,21.5,45,507.4,3.1,2.61,0.99,6.7,Active,No,No,OFF,OFF
H063,1/20/2025 21:00,36,48.6,537.1,3.86,1.87,1.58,7.31,Active,No,No,OFF,OFF
H073,1/20/2025 22:00,17.2,60.2,371.3,2.11,0.65,1.6,4.36,Active,No,No,OFF,OFF
H065,1/20/2025 23:00,19.1,77.7,600.9,0.55,0.59,0.1,1.24,Inactive,No,No,OFF,OFF
H040,1/21/2025 0:00,27.6,30.7,149.2,0.32,0.25,0.91,1.48,Active,No,No,OFF,OFF
H022,1/21/2025 1:00,27.3,55.5,410.5,3.71,2.73,0.34,6.78,Inactive,No,No,OFF,OFF
H029,1/21/2025 2:00,37.7,43.5,137.6,0.76,0.98,1.06,2.8,Inactive,No,No,OFF,OFF
H109,1/21/2025 3:00,19.2,37.7,751.6,1.44,0.88,1.86,4.18,Active,No,No,OFF,OFF
H025,1/21/2025 4:00,19.7,26,636.9,1.8,0.49,0.99,3.28,Inactive,No,No,OFF,OFF
H078,1/21/2025 5:00,23.5,57.5,658.3,0.85,3.42,1.1,5.37,Active,No,No,OFF,OFF
H009,1/21/2025 6:00,39.2,68.3,399.5,4.22,2.81,1.33,8.36,Inactive,No,No,OFF,OFF
H028,1/21/2025 7:00,22.4,64.4,785.5,3.63,2.16,1.99,7.78,Active,No,No,OFF,OFF
H071,1/21/2025 8:00,16,37,832.2,2.01,1.77,1.07,4.85,Inactive,No,No,OFF,OFF
H088,1/21/2025 9:00,32.2,36.6,723,2.78,1.06,0.08,3.92,Inactive,No,No,OFF,OFF
H085,1/21/2025 10:00,36.1,69.3,75.9,3.74,2.26,1.29,7.29,Active,No,No,OFF,OFF
H012,1/21/2025 11:00,20.8,58.7,132,1.36,2.64,1.78,5.78,Inactive,No,No,OFF,OFF
H093,1/21/2025 12:00,21.7,50.8,403.5,2.99,0.74,1.88,5.61,Active,No,Yes,ON,ON
H003,1/21/2025 13:00,19.3,72.9,82,2.95,2.72,0.76,6.43,Inactive,No,No,OFF,OFF
H054,1/21/2025 14:00,23.9,38.1,941.9,3.88,2.8,0.31,6.99,Inactive,No,No,OFF,OFF
H026,1/21/2025 15:00,36,75.9,852.1,3.77,2.69,0.15,6.61,Active,No,No,OFF,OFF
H114,1/21/2025 16:00,26.2,43.8,979.9,0.62,1.15,1.07,2.84,Inactive,No,No,OFF,OFF
H015,1/21/2025 17:00,37,71.9,753.8,3.69,2.64,0.26,6.59,Inactive,No,No,OFF,OFF
H098,1/21/2025 18:00,35.5,38.7,409.3,2.51,2.33,0.76,5.6,Active,No,No,OFF,OFF
H024,1/21/2025 19:00,26.6,26.1,631.1,0.96,2.26,1.36,4.58,Active,No,No,OFF,OFF
H194,2/1/2025 0:00,35.9,35.1,81.5,1.06,2.92,0.22,4.2,Active,No,No,OFF,OFF
H169,2/1/2025 0:30,25.9,40.9,579.8,1.21,1.69,2.07,4.97,Active,No,Yes,ON,ON
H204,2/1/2025 1:00,16.7,22.3,598.2,4.9,1.5,0.32,6.72,Inactive,No,No,OFF,OFF
H176,2/1/2025 1:30,27.3,76.3,416.8,4.96,2.69,1.22,8.87,Active,No,No,OFF,OFF
H247,2/1/2025 2:00,21.7,33.9,963.9,4.32,0.6,2.25,7.17,Active,No,Yes,ON,ON
H224,2/1/2025 2:30,21.9,43.7,621.4,2.36,1.39,0.1,3.85,Active,No,No,OFF,OFF
H235,2/1/2025 3:00,22.8,70.1,607.6,2.08,0.36,0.35,2.79,Active,No,No,OFF,OFF
H200,2/1/2025 3:30,23.6,70.5,292.4,0.88,3.9,2.03,6.81,Active,No,No,OFF,OFF
H135,2/1/2025 4:00,33.7,40,918.3,4.84,1.31,0.87,7.02,Active,No,No,OFF,OFF
H232,2/1/2025 4:30,40.8,38.1,495.2,2,1.5,1.95,5.45,Active,No,No,OFF,OFF
H148,2/1/2025 5:00,24.1,73.9,467,2.86,1.76,0.19,4.81,Inactive,No,No,OFF,OFF
H229,2/1/2025 5:30,39.1,72.9,1028.1,1.12,1.29,0.37,2.78,Inactive,No,No,OFF,OFF
H191,2/1/2025 6:00,28.9,54.9,98.5,4.48,0.99,0.81,6.28,Inactive,No,No,OFF,OFF
H245,2/1/2025 6:30,38.7,64.3,987.8,4.89,2.96,2.45,10.3,Inactive,Yes,Yes,ON,ON
H186,2/1/2025 7:00,40.4,28.7,530.1,3.75,2.66,1.47,7.88,Active,No,No,OFF,OFF
H145,2/1/2025 7:30,33.9,33.8,226.9,1.58,0.25,1.34,3.17,Inactive,No,No,OFF,OFF
H210,2/1/2025 8:00,35.2,61.3,1188.6,0.79,0.83,2.19,3.81,Inactive,No,No,OFF,OFF
H153,2/1/2025 8:30,33.4,75.2,147.7,2.1,3,2.16,7.26,Active,No,Yes,ON,ON
H220,2/1/2025 9:00,24.8,48.8,523.9,1.77,0.22,0.32,2.31,Inactive,No,No,OFF,OFF
H225,2/1/2025 9:30,28.2,69.3,550.2,3.5,1.41,0.9,5.81,Active,No,No,OFF,OFF
H180,2/1/2025 10:00,40.7,79.6,384.5,0.76,2.72,0.45,3.93,Active,No,No,OFF,OFF
H163,2/1/2025 10:30,24.2,58.9,10.9,2.67,0.85,0.41,3.93,Inactive,No,No,OFF,OFF
H244,2/1/2025 11:00,23.8,42.1,763.5,2.17,1.92,0.89,4.98,Active,No,No,OFF,OFF
H159,2/1/2025 11:30,32.6,65.3,403.7,0.31,2.45,0.31,3.07,Inactive,No,No,OFF,OFF
H236,2/1/2025 12:00,40.8,83.3,349.7,0.68,1.16,1.64,3.48,Active,No,No,OFF,OFF
H245,2/1/2025 12:30,17.1,53.9,439.9,1.44,2,1.87,5.31,Active,No,No,OFF,OFF
H163,2/1/2025 13:00,34.8,69.5,221,2.43,2.77,1.71,6.91,Active,No,No,OFF,OFF
H135,2/1/2025 13:30,28.2,39.9,750.9,3.34,0.95,0.9,5.19,Inactive,No,No,OFF,OFF
H126,2/1/2025 14:00,41.8,75.9,258.9,3.74,2.66,0.35,6.75,Active,No,No,OFF,OFF
H222,2/1/2025 14:30,25.3,44.6,249.9,0.73,1.11,1.8,3.64,Inactive,No,No,OFF,OFF
H191,2/1/2025 15:00,25.8,72.9,629.3,4.34,3.25,0.31,7.9,Active,No,No,OFF,OFF
H138,2/1/2025 15:30,27.3,68.9,126.4,3.94,0.8,1.12,5.86,Active,No,No,OFF,OFF
H168,2/1/2025 16:00,30.9,65.7,738.1,1.66,2.64,1,5.3,Active,No,No,OFF,OFF
H237,2/1/2025 16:30,17.6,71.8,286.8,0.41,3.77,0.12,4.3,Inactive,No,No,OFF,OFF
H203,2/1/2025 17:00,29,24.2,504.4,4.45,1.01,0.61,6.07,Inactive,No,No,OFF,OFF
H236,2/1/2025 17:30,30.3,37.5,402.7,0.39,3.11,1.27,4.77,Active,No,No,OFF,OFF
H234,2/1/2025 18:00,27.6,49.8,852.8,3.04,1.03,1.3,5.37,Inactive,No,No,OFF,OFF
H143,2/1/2025 18:30,30.7,51.9,89.8,0.79,1.75,2.48,5.02,Active,No,Yes,ON,ON
H224,2/1/2025 19:00,20.6,82.6,780.8,4.34,3.14,1.08,8.56,Active,No,No,OFF,OFF
H163,2/1/2025 19:30,41.4,25.3,374.1,1.49,1.35,2,4.84,Active,No,No,OFF,OFF
H182,2/1/2025 20:00,17.4,57.6,106.4,0.55,2.54,0.57,3.66,Active,No,No,OFF,OFF
H205,2/1/2025 20:30,25.8,21.8,484.5,1.57,1.66,1.51,4.74,Inactive,No,No,OFF,OFF
H225,2/1/2025 21:00,18,40.4,845.7,2.86,1.9,1.64,6.4,Active,No,No,OFF,OFF
H239,2/1/2025 21:30,37.8,34.3,691.7,4.71,1.45,0.98,7.14,Active,No,No,OFF,OFF
H247,2/1/2025 22:00,39.4,37.9,80,0.54,0.44,0.58,1.56,Active,No,No,OFF,OFF
H162,2/1/2025 22:30,26.3,72.6,972.7,0.97,0.15,1.93,3.05,Inactive,No,No,OFF,OFF
H136,2/1/2025 23:00,29.4,83.9,838.1,1.29,0.41,0.44,2.14,Active,No,No,OFF,OFF
H209,2/1/2025 23:30,17.9,62.2,1100.6,1.04,3.84,1.08,5.96,Active,No,No,OFF,OFF
H228,2/2/2025 0:00,33.4,57.3,765.3,4.22,3.89,1.19,9.3,Inactive,No,No,OFF,OFF
H226,2/2/2025 0:30,30.3,79.1,292.9,1.43,0.23,0.03,1.69,Inactive,No,No,OFF,OFF
H133,2/2/2025 1:00,22,51.7,1169.3,4.75,0.45,1.14,6.34,Inactive,No,No,OFF,OFF
H216,2/2/2025 1:30,33.1,79.8,544.2,3.88,2.41,0.47,6.76,Active,No,No,OFF,OFF
H162,2/2/2025 2:00,28.9,71.2,818.3,0.24,3.9,2.16,6.3,Active,No,No,OFF,OFF
H163,2/2/2025 2:30,22.1,71.2,744.6,3.19,0.3,0.63,4.12,Active,No,No,OFF,OFF
H194,2/2/2025 3:00,18.4,53.5,8.9,2,1.08,0.58,3.66,Active,No,No,OFF,OFF
H133,2/2/2025 3:30,28.3,24.6,1045.2,0.81,1.72,0.3,2.83,Inactive,No,No,OFF,OFF
H142,2/2/2025 4:00,28.6,61.2,1128.1,1.88,1.64,1.28,4.8,Active,No,No,OFF,OFF
H220,2/2/2025 4:30,19.7,31.9,241.6,1.17,1.54,0,2.71,Inactive,No,No,OFF,OFF
H173,2/2/2025 5:00,15.4,54.5,484.3,4.8,1.02,1.49,7.31,Inactive,No,No,OFF,OFF
H208,2/2/2025 5:30,40.7,20.9,801.5,4.26,1.76,2.2,8.22,Inactive,No,No,OFF,OFF
H221,2/2/2025 6:00,23,31.5,238.7,3.28,2.84,0.12,6.24,Inactive,No,No,OFF,OFF
H197,2/2/2025 6:30,18.4,60.6,592.1,4.81,1.77,0.12,6.7,Active,No,No,OFF,OFF
H201,2/2/2025 7:00,39.2,71.8,1153.1,4.08,0.55,0.67,5.3,Inactive,No,No,OFF,OFF
H153,2/2/2025 7:30,37.8,82.7,447.3,1.14,3.68,0.89,5.71,Active,No,No,OFF,OFF
H154,2/2/2025 8:00,35.7,36.1,699.5,4.25,1.24,1.83,7.32,Inactive,Yes,No,ON,ON
H202,2/2/2025 8:30,33.8,43.2,541.9,1.94,1.93,0.07,3.94,Active,No,No,OFF,OFF
H243,2/2/2025 9:00,41.2,60.4,287.6,2.84,1.56,0.89,5.29,Active,No,No,OFF,OFF
H169,2/2/2025 9:30,25.1,57.7,126.4,3.27,1.36,0.53,5.16,Inactive,No,No,OFF,OFF
H237,2/2/2025 10:00,23.7,36.6,43.5,2.83,0.59,1.98,5.4,Active,No,No,OFF,OFF
H232,2/2/2025 10:30,16.1,85,491.5,4.99,3.88,0.45,9.32,Inactive,No,No,OFF,OFF
H138,2/2/2025 11:00,27.8,38.7,1043.9,1.65,1.42,2.36,5.43,Active,No,No,OFF,OFF
H156,2/2/2025 11:30,23.1,27,968,2.83,2.88,2.36,8.07,Active,No,Yes,ON,ON
H205,2/2/2025 12:00,17.9,81,350.3,1.8,2.81,0.04,4.65,Active,No,No,OFF,OFF
H204,2/2/2025 12:30,34.1,63.8,119.7,1,3.05,2.37,6.42,Active,No,Yes,ON,ON
H205,2/2/2025 13:00,27.7,31,290,4.51,2.61,2.24,9.36,Active,No,No,OFF,OFF
H175,2/2/2025 13:30,25.8,40.9,618.7,3.2,2.04,0.53,5.77,Inactive,No,No,OFF,OFF
H123,2/2/2025 14:00,16.4,84.7,137.8,0.7,2.14,1.38,4.22,Inactive,No,No,OFF,OFF
H143,2/2/2025 14:30,38.8,73.7,192.4,2.65,2.18,1.68,6.51,Inactive,No,No,OFF,OFF
H170,2/2/2025 15:00,23.8,45.1,958.7,0.79,0.35,1.85,2.99,Active,No,No,OFF,OFF
H238,2/2/2025 15:30,17.8,24.4,919.7,2.05,2.44,0.3,4.79,Inactive,No,No,OFF,OFF
H124,2/2/2025 16:00,19.2,58.9,424.8,2.7,1.82,0.6,5.12,Active,No,No,OFF,OFF
H173,2/2/2025 16:30,30.9,78.1,290.7,1.36,0.37,1.77,3.5,Active,No,No,OFF,OFF
H157,2/2/2025 17:00,38.9,40.3,699.8,3.84,2.86,1.82,8.52,Inactive,No,No,OFF,OFF
H204,2/2/2025 17:30,24.9,67.2,278.9,3.1,1.4,0.43,4.93,Active,No,No,OFF,OFF
H193,2/2/2025 18:00,28.3,67.9,395.3,2.88,2.48,1.9,7.26,Inactive,No,No,OFF,OFF
H176,2/2/2025 18:30,39.6,59.2,999.7,2.9,0.12,0.97,3.99,Inactive,No,No,OFF,OFF
H125,2/2/2025 19:00,34.8,67.4,992.5,4.06,3.13,1.85,9.04,Inactive,No,Yes,ON,ON
H163,2/2/2025 19:30,16.2,64.4,134.3,4.05,2.78,0.25,7.08,Inactive,No,No,OFF,OFF
H180,2/2/2025 20:00,16.1,55.1,368.5,4.48,1.58,0.26,6.32,Active,No,No,OFF,OFF
H237,2/2/2025 20:30,16.2,48.7,1095.2,4.86,0.24,1.78,6.88,Active,No,No,OFF,OFF
H248,2/2/2025 21:00,22.3,47.3,1076,3.95,1.76,2.36,8.07,Inactive,No,No,OFF,OFF
H236,2/2/2025 21:30,22.6,77.9,928.9,0.27,3.15,1.84,5.26,Active,No,No,OFF,OFF
H169,2/2/2025 22:00,34,46.1,279.4,1.42,3.43,0.68,5.53,Active,No,No,OFF,OFF
H159,2/2/2025 22:30,19.3,69,36.2,4.8,1.55,2.22,8.57,Inactive,No,No,OFF,OFF
H180,2/2/2025 23:00,23.6,62.5,978.7,2.31,2.51,2.25,7.07,Inactive,No,No,OFF,OFF
H230,2/2/2025 23:30,25.9,38.9,50.1,2.43,3.77,0.2,6.4,Active,No,No,OFF,OFF
H160,2/3/2025 0:00,18.6,52.3,1054.1,3.07,3.32,1.45,7.84,Inactive,No,No,OFF,OFF
H222,2/3/2025 0:30,23.6,34.4,1160.3,3.68,0.49,2.49,6.66,Inactive,No,No,OFF,OFF
H237,2/3/2025 1:00,17.5,69.5,735.4,3.78,1.85,1.88,7.51,Active,Yes,No,ON,ON
H170,2/3/2025 1:30,15.4,25.7,1117,4.82,1.63,2.29,8.74,Inactive,No,Yes,ON,ON
H236,2/3/2025 2:00,40,80.1,352.9,1.79,1.02,2.36,5.17,Active,No,Yes,ON,ON
H173,2/3/2025 2:30,22.4,65.5,659.1,3.83,3.7,0.5,8.03,Inactive,No,No,OFF,OFF
H147,2/3/2025 3:00,21,23.4,843.8,4.5,3.58,1.82,9.9,Active,No,No,OFF,OFF
H152,2/3/2025 3:30,20.4,35.4,565,4.44,0.84,1.86,7.14,Active,No,No,OFF,OFF
H205,2/3/2025 4:00,38.2,71.7,146.6,0.56,2.01,1.49,4.06,Inactive,No,No,OFF,OFF
H141,2/3/2025 4:30,36.1,71.6,1041.8,4.88,3.35,1.1,9.33,Active,Yes,No,ON,ON
H179,2/3/2025 5:00,40.7,72.9,615.4,1.08,1.66,2.01,4.75,Active,No,Yes,ON,ON
H141,2/3/2025 5:30,36.6,52,338.2,1.49,1.63,1.48,4.6,Active,No,No,OFF,OFF
H235,2/3/2025 6:00,41.8,21.6,381.6,3.83,1.32,2.26,7.41,Inactive,No,Yes,ON,ON
H216,2/3/2025 6:30,19.3,28.6,327.9,1.09,0.26,2.06,3.41,Active,No,No,OFF,OFF
H148,2/3/2025 7:00,20.6,79,368.5,2.25,3.22,2.06,7.53,Active,No,No,OFF,OFF
H172,2/3/2025 7:30,28.8,47.8,373.6,1.53,2.88,0.86,5.27,Inactive,No,No,OFF,OFF
H168,2/3/2025 8:00,27.9,41.3,604.7,2.12,0.46,0.81,3.39,Inactive,No,No,OFF,OFF
H137,2/3/2025 8:30,24.7,20.1,365,2.88,2.2,0.21,5.29,Active,No,No,OFF,OFF
H122,2/3/2025 9:00,24.4,84.6,903.3,0.43,2.32,1.35,4.1,Active,No,No,OFF,OFF
H232,2/3/2025 9:30,41.1,62.4,403.8,2.6,3.47,1.01,7.08,Inactive,No,No,OFF,OFF
H233,2/3/2025 10:00,36.9,47.3,1172.7,4.19,3.14,1.22,8.55,Active,No,No,OFF,OFF
H245,2/3/2025 10:30,17.6,20.8,929.3,2.97,2.18,2.14,7.29,Active,No,Yes,ON,ON
H209,2/3/2025 11:00,35.2,41.1,538.1,2.47,0.65,1.98,5.1,Inactive,No,No,OFF,OFF
H220,2/3/2025 11:30,34.1,63,944.7,1.1,3.19,2.44,6.73,Active,No,No,OFF,OFF
H199,2/3/2025 12:00,41.5,51.6,595.4,4.19,1.58,0.69,6.46,Inactive,No,No,OFF,OFF
H137,2/3/2025 12:30,37,58.2,108.3,2.21,2.93,0.24,5.38,Active,No,No,OFF,OFF
H209,2/3/2025 13:00,17.8,79.6,470.8,2.38,0.17,1.58,4.13,Active,No,No,OFF,OFF
H197,2/3/2025 13:30,17.1,61.9,1193.8,2.35,3.6,2.4,8.35,Inactive,No,Yes,ON,ON
H166,2/3/2025 14:00,39.5,24.6,300.9,3,0.2,1.01,4.21,Active,No,No,OFF,OFF
H146,2/3/2025 14:30,28.6,29.9,915.6,2.87,3.71,0.82,7.4,Inactive,No,No,OFF,OFF
H125,2/3/2025 15:00,38.3,28.2,793.8,4.68,3.49,0.44,8.61,Inactive,No,No,OFF,OFF
H217,2/3/2025 15:30,38.7,48,1084.7,2.12,2.97,1.45,6.54,Inactive,No,No,OFF,OFF
H150,2/3/2025 16:00,35.5,47.8,843.2,2.57,2.38,1.35,6.3,Inactive,No,No,OFF,OFF
H129,2/3/2025 16:30,17,66.1,26.9,4.28,1.43,1.95,7.66,Inactive,No,No,OFF,OFF
H173,2/3/2025 17:00,32.5,83.9,4.7,4.82,2.29,1.96,9.07,Inactive,No,No,OFF,OFF
H242,2/3/2025 17:30,27.5,48,373.1,1.16,0.36,1.05,2.57,Active,No,No,OFF,OFF
H177,2/3/2025 18:00,26.7,78.4,655.2,1.97,2.9,1.95,6.82,Active,No,No,OFF,OFF
H245,2/3/2025 18:30,17.5,32.5,683.1,4,1.06,0.49,5.55,Active,No,No,OFF,OFF
H135,2/3/2025 19:00,37.9,44.7,524.2,4.95,0.21,1.69,6.85,Inactive,Yes,No,ON,ON
H129,2/3/2025 19:30,19,73,597.2,2.76,1.8,1.83,6.39,Inactive,No,No,OFF,OFF
H163,2/3/2025 20:00,33.2,20.2,720.1,1.76,2.61,1.3,5.67,Active,No,No,OFF,OFF
H137,2/3/2025 20:30,15.2,36.7,255,3.3,0.87,0.49,4.66,Inactive,No,No,OFF,OFF
H187,2/3/2025 21:00,22.6,66.5,424,1.12,2.4,0.59,4.11,Active,No,No,OFF,OFF
H125,2/3/2025 21:30,37.2,51,173.8,0.65,1.91,1.66,4.22,Active,No,No,OFF,OFF
H230,2/3/2025 22:00,34.5,20.1,1153.6,1.06,1.7,0.89,3.65,Inactive,No,No,OFF,OFF
H192,2/3/2025 22:30,28.6,83.9,98.7,3.47,2.8,1.34,7.61,Inactive,No,No,OFF,OFF
H236,2/3/2025 23:00,20.1,24.9,650.2,2.93,0.4,0.49,3.82,Active,No,No,OFF,OFF
H142,2/3/2025 23:30,41,68.4,85.3,2.92,1.27,1.63,5.82,Active,No,No,OFF,OFF
H141,2/4/2025 0:00,39.5,34.3,948.5,3.67,3.12,0.12,6.91,Active,No,No,OFF,OFF
H205,2/4/2025 0:30,29.9,62.5,573.2,3.41,0.43,0.79,4.63,Inactive,No,No,OFF,OFF
H231,2/4/2025 1:00,26.2,48.1,756.5,1.99,2.95,1.03,5.97,Active,No,No,OFF,OFF
H222,2/4/2025 1:30,38.7,43.2,1137.7,3.35,3.5,1.42,8.27,Active,No,No,OFF,OFF
H236,2/4/2025 2:00,23.8,31.7,231.6,2.74,3.53,0.43,6.7,Active,No,No,OFF,OFF
H236,2/4/2025 2:30,40.4,53.7,38.4,1.42,2.74,1.15,5.31,Active,No,No,OFF,OFF
H185,2/4/2025 3:00,23.1,44.3,980.6,1.48,0.31,2.32,4.11,Inactive,No,No,OFF,OFF
H202,2/4/2025 3:30,38.8,32.9,293,3.94,0.68,1.63,6.25,Inactive,No,No,OFF,OFF
H238,2/4/2025 4:00,19,83.2,556.6,2.24,0.7,0.58,3.52,Active,No,No,OFF,OFF
H145,2/4/2025 4:30,30.9,47.2,1089.7,4.21,2.84,1.9,8.95,Active,No,No,OFF,OFF
H127,2/4/2025 5:00,34.4,67.9,1118,4.18,3.73,0.42,8.33,Inactive,No,No,OFF,OFF
H126,2/4/2025 5:30,26,44.6,603.4,1.63,3.02,0.01,4.66,Active,No,No,OFF,OFF
H222,2/4/2025 6:00,28.6,53.6,667.8,3.85,1.67,2.12,7.64,Inactive,No,No,OFF,OFF
H212,2/4/2025 6:30,26.4,28.1,1081.1,2.75,3.55,1.45,7.75,Inactive,No,No,OFF,OFF
H162,2/4/2025 7:00,25.1,73.7,968.3,1.39,0.38,1.87,3.64,Active,No,No,OFF,OFF
H229,2/4/2025 7:30,15.6,61.2,539.7,2.99,2.4,0.94,6.33,Inactive,No,No,OFF,OFF
H152,2/4/2025 8:00,19.7,83.4,48.4,3.09,2.56,1.35,7,Active,No,No,OFF,OFF
H173,2/4/2025 8:30,27.8,82.5,34.8,4.6,3.53,1.77,9.9,Inactive,No,No,OFF,OFF
H227,2/4/2025 9:00,16.2,56.5,608.8,3.5,3.84,1.62,8.96,Active,No,No,OFF,OFF
H220,2/4/2025 9:30,20.8,21.7,622,1.12,0.95,1.83,3.9,Active,No,No,OFF,OFF
H215,2/4/2025 10:00,40.2,39.7,836.8,4.49,1.94,2.01,8.44,Inactive,No,No,OFF,OFF
H207,2/4/2025 10:30,37.3,80.6,651.7,2.75,1.72,1.87,6.34,Inactive,No,No,OFF,OFF
H177,2/4/2025 11:00,22,77.6,505.8,3.2,3.27,0.6,7.07,Active,No,No,OFF,OFF
H171,2/4/2025 11:30,15.6,69.6,1109.6,4.08,0.88,1.76,6.72,Active,No,No,OFF,OFF
H184,2/4/2025 12:00,20.3,64.7,894.9,0.26,1.16,0.24,1.66,Active,No,No,OFF,OFF
H211,2/4/2025 12:30,34.3,45.9,501.8,1.03,1.95,2.41,5.39,Active,No,Yes,ON,ON
H210,2/4/2025 13:00,33.6,56.3,202.1,2.22,2.05,0.95,5.22,Inactive,No,No,OFF,OFF
H173,2/4/2025 13:30,18.4,66,240.7,0.66,1.45,2.19,4.3,Inactive,No,No,OFF,OFF
H122,2/4/2025 14:00,21.5,26.8,714.2,3.03,0.76,0.99,4.78,Inactive,No,No,OFF,OFF
H154,2/4/2025 14:30,32.3,70,1102,1.14,2.78,0.26,4.18,Inactive,No,No,OFF,OFF
H210,2/4/2025 15:00,39.2,52.8,1196.8,4.53,1.12,1.88,7.53,Inactive,No,No,OFF,OFF
H220,2/4/2025 15:30,23.4,30.2,106.2,3.75,1.81,1.32,6.88,Inactive,No,No,OFF,OFF
H149,2/4/2025 16:00,25.3,24.1,1115.3,3.57,2.09,1.6,7.26,Active,No,No,OFF,OFF
H240,2/4/2025 16:30,39,67.7,869.8,1.62,3.41,1.21,6.24,Inactive,No,No,OFF,OFF
H242,2/4/2025 17:00,35.2,62.2,875.4,2.36,3.76,2.05,8.17,Inactive,No,No,OFF,OFF
H122,2/4/2025 17:30,18.2,62.5,550.8,4.58,3.67,1.66,9.91,Inactive,No,No,OFF,OFF
H185,2/4/2025 18:00,40.3,23.5,860.1,0.57,3.62,0.85,5.04,Active,No,No,OFF,OFF
H153,2/4/2025 18:30,39.3,28.1,61,1.84,1.65,0.89,4.38,Inactive,No,No,OFF,OFF
H125,2/4/2025 19:00,32.1,61.5,1110.3,1.15,2.32,0.97,4.44,Inactive,No,No,OFF,OFF
H214,2/4/2025 19:30,33.4,65.7,889.4,1.55,0.89,1.64,4.08,Active,No,No,OFF,OFF
H156,2/4/2025 20:00,29.7,47.2,322.3,1.51,0.45,2.16,4.12,Inactive,No,No,OFF,OFF
H193,2/4/2025 20:30,41.5,37.5,482.5,0.46,0.15,0.67,1.28,Inactive,No,No,OFF,OFF
H200,2/4/2025 21:00,20.9,35.4,561.2,1.68,2.51,0.68,4.87,Active,No,No,OFF,OFF
H133,2/4/2025 21:30,27.8,69.5,514.2,4.11,1.3,0.71,6.12,Inactive,No,Yes,ON,ON
H201,2/4/2025 22:00,40.7,55.1,733.2,0.49,3.72,0.72,4.93,Inactive,No,No,OFF,OFF
H143,2/4/2025 22:30,38.9,77.6,838.7,4.47,3.33,0.66,8.46,Inactive,Yes,No,ON,ON
H246,2/4/2025 23:00,38.1,38,1165.8,3.14,3.22,0.28,6.64,Inactive,No,No,OFF,OFF
H138,2/4/2025 23:30,25.7,78.5,967.9,0.46,3.9,1.83,6.19,Active,No,Yes,ON,ON
H202,2/5/2025 0:00,26,40.3,401.7,2.16,0.75,1.69,4.6,Active,No,No,OFF,OFF
H234,2/5/2025 0:30,39.8,68.6,387.3,2.01,2.55,1.33,5.89,Active,No,No,OFF,OFF
H182,2/5/2025 1:00,30.2,44.2,786.4,4.59,0.77,2.34,7.7,Inactive,No,No,OFF,OFF
H170,2/5/2025 1:30,15.7,83.3,810.1,2,3.81,0.82,6.63,Inactive,No,No,OFF,OFF
H205,2/5/2025 2:00,15.2,59.5,360.1,4.51,3.01,2.32,9.84,Active,No,No,OFF,OFF
H156,2/5/2025 2:30,31.9,57.5,483.9,4.47,1.73,0.08,6.28,Inactive,No,No,OFF,OFF
H250,2/5/2025 3:00,16.3,61.7,474.9,1.06,3.43,1.86,6.35,Active,No,No,OFF,OFF
H179,2/5/2025 3:30,39.5,60,1023.4,3.34,1.21,0.55,5.1,Active,No,No,OFF,OFF
H214,2/5/2025 4:00,17.6,36.7,237.8,2.13,3.21,2.24,7.58,Active,No,No,OFF,OFF
H140,2/5/2025 4:30,20.6,41.5,879.7,2.24,0.75,1.22,4.21,Active,No,No,OFF,OFF
H125,2/5/2025 5:00,17.3,81,526.8,4.59,0.45,1.32,6.36,Inactive,No,No,OFF,OFF
H122,2/5/2025 5:30,31.1,22.4,1173.4,0.61,2.06,0.24,2.91,Active,No,No,OFF,OFF
H135,2/5/2025 6:00,38.4,83.9,411.3,0.34,3.75,1.33,5.42,Active,No,No,OFF,OFF
H123,2/5/2025 6:30,19.7,76.4,76.5,4.05,2.61,1.86,8.52,Inactive,No,No,OFF,OFF
H248,2/5/2025 7:00,30.4,54,1052.3,1.65,1.47,1.37,4.49,Active,Yes,No,ON,ON
H172,2/5/2025 7:30,23.4,61.7,977.9,3.07,3.16,0.07,6.3,Inactive,No,No,OFF,OFF
H150,2/5/2025 8:00,17.7,26.5,476.8,3.82,2.65,1.87,8.34,Inactive,No,No,OFF,OFF
H138,2/5/2025 8:30,27,48.5,1021.2,3.61,3.94,1.77,9.32,Inactive,No,No,OFF,OFF
H193,2/5/2025 9:00,22,46.9,637.6,4.84,3.54,1.71,10.09,Active,No,No,OFF,OFF
H159,2/5/2025 9:30,38.9,26.8,1040.7,4.85,0.82,1.92,7.59,Inactive,No,No,OFF,OFF
H237,2/5/2025 10:00,17,57.2,53,3.57,1.03,0.48,5.08,Inactive,No,No,OFF,OFF
H213,2/5/2025 10:30,15.6,50.5,1097.5,4.3,0.18,1.04,5.52,Inactive,No,No,OFF,OFF
H223,2/5/2025 11:00,38.2,78,671.4,4.27,3.58,0.57,8.42,Active,No,No,OFF,OFF
H217,2/5/2025 11:30,15.9,43.9,326.9,1.09,1.94,1.3,4.33,Inactive,No,No,OFF,OFF
H152,2/5/2025 12:00,25.1,64.5,265.4,0.27,1.78,0.43,2.48,Inactive,No,No,OFF,OFF
H199,2/5/2025 12:30,20.1,79.9,1157,1.92,1.27,1.12,4.31,Inactive,No,No,OFF,OFF
H193,2/5/2025 13:00,19,29,788.3,4,0.14,2.29,6.43,Active,No,No,OFF,OFF
H171,2/5/2025 13:30,40.6,22.4,156.5,2.45,0.82,1.72,4.99,Active,No,No,OFF,OFF
H135,2/5/2025 14:00,25.3,46.3,54.4,0.57,2.19,2.39,5.15,Inactive,No,No,OFF,OFF
H163,2/5/2025 14:30,28.3,44.6,72.1,2,0.33,2.34,4.67,Active,No,No,OFF,OFF
H164,2/5/2025 15:00,41.4,60.7,65.5,2.98,3.58,1.74,8.3,Inactive,No,No,OFF,OFF
H161,2/5/2025 15:30,34.6,43.6,209,3.29,3.78,0.03,7.1,Active,No,No,OFF,OFF
H157,2/5/2025 16:00,37.6,55.7,771.7,1.04,0.38,0.39,1.81,Inactive,No,No,OFF,OFF
H153,2/5/2025 16:30,31.4,72,415.6,2.56,2.53,0.1,5.19,Inactive,Yes,No,ON,ON
H209,2/5/2025 17:00,24.5,43.5,920.7,4.57,0.52,1.75,6.84,Active,No,No,OFF,OFF
H127,2/5/2025 17:30,34.3,60.3,477.7,2.8,3.71,0.23,6.74,Active,No,No,OFF,OFF
H232,2/5/2025 18:00,17.3,37.4,45.3,1.3,1.4,1.91,4.61,Inactive,No,No,OFF,OFF
H245,2/5/2025 18:30,25.6,59.1,73.2,3.98,0.19,0.16,4.33,Active,No,No,OFF,OFF
H224,2/5/2025 19:00,15.3,23.9,513,3.87,2.52,1.48,7.87,Active,No,No,OFF,OFF
H169,2/5/2025 19:30,31.2,82.2,1032.9,0.98,2.97,1.43,5.38,Inactive,No,No,OFF,OFF
H150,2/5/2025 20:00,24.9,35.8,991.5,4.45,3.14,0.54,8.13,Active,No,No,OFF,OFF
H174,2/5/2025 20:30,38.1,78,152.9,0.33,3.79,2.49,6.61,Active,No,Yes,ON,ON
H152,2/5/2025 21:00,30.9,46.7,358,0.96,2.75,1.96,5.67,Inactive,No,No,OFF,OFF
H135,2/5/2025 21:30,30.2,77.9,682.4,2.86,2,0.47,5.33,Inactive,No,No,OFF,OFF
H237,2/5/2025 22:00,17.4,33.5,754.4,2.35,3.2,0.14,5.69,Active,No,No,OFF,OFF
H220,2/5/2025 22:30,17.9,68.1,1179.5,2.56,3.59,0.59,6.74,Active,No,No,OFF,OFF
H228,2/5/2025 23:00,34.4,70.2,1026.2,1.53,1.26,2.23,5.02,Inactive,No,No,OFF,OFF
H129,2/5/2025 23:30,21.7,56.1,270.7,3.79,0.53,1.11,5.43,Inactive,No,No,OFF,OFF
H218,2/6/2025 0:00,15.9,79.1,1075.2,2.47,3.78,2.13,8.38,Active,No,No,OFF,OFF
H166,2/6/2025 0:30,20.8,36.5,166.6,4.72,1.64,2.13,8.49,Active,No,No,OFF,OFF
H249,2/6/2025 1:00,20.8,68.4,1197.4,1.64,1.77,0.08,3.49,Active,No,No,OFF,OFF
H243,2/6/2025 1:30,36.3,81.9,1136.4,3.43,2.62,1.99,8.04,Active,No,No,OFF,OFF
H243,2/6/2025 2:00,33.8,32.8,790.4,4.89,1.46,2.07,8.42,Inactive,No,No,OFF,OFF
H225,2/6/2025 2:30,27.2,78.4,485.2,3.82,0.96,0.12,4.9,Inactive,No,No,OFF,OFF
H243,2/6/2025 3:00,29.5,50,975.2,3.29,2.02,0.97,6.28,Active,No,No,OFF,OFF
H208,2/6/2025 3:30,16.4,36.6,683.4,4.74,3.88,0.05,8.67,Inactive,No,No,OFF,OFF
H193,2/6/2025 4:00,25.2,32.8,255.4,0.97,1.63,1.64,4.24,Active,No,No,OFF,OFF
H151,2/6/2025 4:30,16.8,59.7,837.8,3.83,2.03,1.51,7.37,Active,No,No,OFF,OFF
H196,2/6/2025 5:00,18,74.4,670.1,2.71,0.55,0.05,3.31,Inactive,No,No,OFF,OFF
H148,2/6/2025 5:30,26.1,69.9,46.5,0.9,2.24,1.92,5.06,Active,No,No,OFF,OFF
H208,2/6/2025 6:00,20.1,42,292.4,3.62,2.76,0.63,7.01,Inactive,No,No,OFF,OFF
H141,2/6/2025 6:30,22.3,29.2,565.2,1.49,1.96,1.92,5.37,Inactive,No,No,OFF,OFF
H225,2/6/2025 7:00,22.8,33.3,1097.2,0.84,2.11,0.94,3.89,Inactive,No,No,OFF,OFF
H196,2/6/2025 7:30,36.8,48.1,864.3,0.39,1.65,2.09,4.13,Inactive,No,No,OFF,OFF
H225,2/6/2025 8:00,19,20.6,1033,3.06,3.56,1.85,8.47,Inactive,No,No,OFF,OFF
H203,2/6/2025 8:30,33.3,48.6,832.4,2.85,2.94,0.53,6.32,Active,No,No,OFF,OFF
H244,2/6/2025 9:00,31.7,66.8,884.3,2.28,1.96,2.14,6.38,Active,No,No,OFF,OFF
H243,2/6/2025 9:30,16.1,20.7,13.9,1.16,2.69,1.56,5.41,Inactive,No,No,OFF,OFF
H194,2/6/2025 10:00,22.6,81.3,1103.4,0.68,3.14,0.62,4.44,Active,No,No,OFF,OFF
H231,2/6/2025 10:30,39.4,23.1,2.3,3.93,0.43,1.82,6.18,Inactive,No,No,OFF,OFF
H231,2/6/2025 11:00,33.2,33.1,709.3,3.85,2.73,2.23,8.81,Inactive,No,No,OFF,OFF
H207,2/6/2025 11:30,25.7,25.1,657.3,1.18,2.67,2.33,6.18,Active,No,No,OFF,OFF
H211,2/6/2025 12:00,19,42,253.9,0.91,0.86,2.18,3.95,Inactive,No,Yes,ON,ON
H132,2/6/2025 12:30,35.7,82.2,535.7,2.79,2.03,0.53,5.35,Inactive,No,No,OFF,OFF
H181,2/6/2025 13:00,37.6,83.8,1072.3,1.08,1.76,1.27,4.11,Inactive,No,No,OFF,OFF
H134,2/6/2025 13:30,22,74.5,622.3,0.69,1.42,0.13,2.24,Inactive,No,No,OFF,OFF
H178,2/6/2025 14:00,42,60,658.3,2.9,1.36,1.72,5.98,Inactive,No,No,OFF,OFF
H181,2/6/2025 14:30,23.5,22.1,897.3,3.04,0.66,2.05,5.75,Active,Yes,Yes,ON,ON
H209,2/6/2025 15:00,17.9,77.2,1120.9,1.61,0.42,1.42,3.45,Active,No,No,OFF,OFF
H217,2/6/2025 15:30,25.4,40.3,40.5,3.18,2.77,2.35,8.3,Active,No,No,OFF,OFF
H206,2/6/2025 16:00,16.4,64.3,674,2.76,2.11,0.91,5.78,Active,No,No,OFF,OFF
H143,2/6/2025 16:30,20.1,20.3,567.7,4.76,1.49,0.44,6.69,Active,No,No,OFF,OFF
H224,2/6/2025 17:00,25.8,63.2,579.3,1.02,1.82,1.4,4.24,Inactive,No,No,OFF,OFF
H180,2/6/2025 17:30,26.8,44.7,1027,3.36,2.75,2.41,8.52,Inactive,No,No,OFF,OFF
H221,2/6/2025 18:00,23.2,21.3,712.4,1.14,3.04,1.48,5.66,Inactive,No,No,OFF,OFF
H186,2/6/2025 18:30,25.9,50.8,649,1.95,2.94,0.02,4.91,Inactive,No,No,OFF,OFF
H220,2/6/2025 19:00,15,75.2,557.7,1.08,2.09,1.12,4.29,Active,No,No,OFF,OFF
H161,2/6/2025 19:30,32.4,65.6,474.6,1.94,0.2,0.99,3.13,Inactive,No,No,OFF,OFF
H241,2/6/2025 20:00,31.7,38,508.5,3.17,0.97,0.28,4.42,Active,No,No,OFF,OFF
H231,2/6/2025 20:30,24.2,58,856.2,3.87,2.71,0.55,7.13,Inactive,No,No,OFF,OFF
H247,2/6/2025 21:00,22.7,75.1,64.4,1.95,0.76,0.17,2.88,Active,No,No,OFF,OFF
H210,2/6/2025 21:30,26.6,44.5,262.8,3.96,3.89,1.02,8.87,Inactive,No,No,OFF,OFF
H151,2/6/2025 22:00,17,28.2,225.5,2.32,3.42,0.23,5.97,Inactive,No,No,OFF,OFF
H135,2/6/2025 22:30,22.3,52.3,946.1,1.08,2.29,1.93,5.3,Active,No,No,OFF,OFF
H122,2/6/2025 23:00,17.6,39.3,53.3,2.57,3.13,1.54,7.24,Inactive,No,No,OFF,OFF
H185,2/6/2025 23:30,33.9,33.7,407.3,4.4,2.88,1.76,9.04,Active,No,No,OFF,OFF
H224,2/7/2025 0:00,19.4,20.7,669.4,0.25,2.59,0.56,3.4,Active,No,No,OFF,OFF
H215,2/7/2025 0:30,22.8,49.9,803.4,1.29,1.67,1.31,4.27,Inactive,No,No,OFF,OFF
H210,2/7/2025 1:00,40.1,61.9,540.6,4.95,0.96,2.46,8.37,Inactive,No,No,OFF,OFF
H222,2/7/2025 1:30,39.9,26.9,269.3,1.39,0.56,1.76,3.71,Active,No,No,OFF,OFF
H225,2/7/2025 2:00,25.7,20.7,690.6,3.07,3.78,1.07,7.92,Inactive,No,No,OFF,OFF
H160,2/7/2025 2:30,28.2,40.8,26.1,0.61,2.1,0.93,3.64,Inactive,No,No,OFF,OFF
H145,2/7/2025 3:00,29.1,50.6,638.4,4.92,0.48,0.94,6.34,Active,No,No,OFF,OFF
H189,2/7/2025 3:30,22.4,70.2,54.5,3.58,2.88,0.65,7.11,Inactive,No,No,OFF,OFF
H230,2/7/2025 4:00,40.6,60,24.8,2.6,3.21,1.61,7.42,Active,No,No,OFF,OFF
H226,2/7/2025 4:30,23.4,42.2,347.1,3.89,1.83,1.5,7.22,Active,No,No,OFF,OFF
H202,2/7/2025 5:00,17.9,80.8,1131.8,1.98,0.43,1.02,3.43,Inactive,No,No,OFF,OFF
H203,2/7/2025 5:30,36.5,41.7,660.6,1.24,2.24,2.43,5.91,Active,No,No,OFF,OFF
H149,2/7/2025 6:00,35.9,26.1,1055.6,0.44,2.12,1.42,3.98,Active,No,No,OFF,OFF
H131,2/7/2025 6:30,22.6,68.4,837.9,3.87,0.79,0.22,4.88,Active,No,No,OFF,OFF
H202,2/7/2025 7:00,31,36.4,203.2,2.27,3.44,0.2,5.91,Inactive,No,No,OFF,OFF
H235,2/7/2025 7:30,24.8,42.1,448.7,3.28,3.25,0.4,6.93,Active,No,No,OFF,OFF
H188,2/7/2025 8:00,36.8,77.5,773.6,0.24,1.94,1.49,3.67,Active,No,No,OFF,OFF
H232,2/7/2025 8:30,33.6,22.6,617.7,3.89,0.58,1.2,5.67,Active,No,No,OFF,OFF
H234,2/7/2025 9:00,39.7,78.5,1030.8,3.98,0.42,2.21,6.61,Inactive,No,Yes,ON,ON
H232,2/7/2025 9:30,37.8,47.9,114.6,0.53,3.57,0.77,4.87,Inactive,No,No,OFF,OFF
H250,2/7/2025 10:00,17.5,54.8,22.8,2.18,1.27,0.56,4.01,Active,No,No,OFF,OFF
H182,2/7/2025 10:30,20.2,26.1,251.3,1.89,3.35,1.52,6.76,Inactive,No,No,OFF,OFF
H221,2/7/2025 11:00,24.3,26.2,635.1,4.79,2.01,2.09,8.89,Inactive,No,No,OFF,OFF
H213,2/7/2025 11:30,37.2,42.3,1182.3,3.71,2.49,0.72,6.92,Inactive,No,No,OFF,OFF
H182,2/7/2025 12:00,29,36.5,368.7,0.75,2.14,0.6,3.49,Inactive,No,No,OFF,OFF
H242,2/7/2025 12:30,24.2,43.5,748.4,0.53,3.12,0.28,3.93,Inactive,No,No,OFF,OFF
H237,2/7/2025 13:00,37.8,41.6,742.1,1.89,0.77,1,3.66,Active,No,No,OFF,OFF
H204,2/7/2025 13:30,15,23,33,0.91,2.18,0.4,3.49,Inactive,No,No,OFF,OFF
H214,2/7/2025 14:00,24.8,71.3,168,3.28,0.99,0.74,5.01,Active,No,No,OFF,OFF
H166,2/7/2025 14:30,34.3,78.9,244.6,2.2,2.89,1.8,6.89,Active,No,No,OFF,OFF
H181,2/7/2025 15:00,36.5,25.2,244,1.72,1.69,0.92,4.33,Active,No,No,OFF,OFF
H235,2/7/2025 15:30,31.9,40,393.5,3.92,0.28,2.11,6.31,Active,No,No,OFF,OFF
H190,2/7/2025 16:00,18.2,37.3,275.6,1.26,2.23,2.38,5.87,Inactive,No,No,OFF,OFF
H175,2/7/2025 16:30,33.2,71.4,453.3,0.52,3.73,0.27,4.52,Active,No,No,OFF,OFF
H229,2/7/2025 17:00,28.9,61.7,1155,3.73,3.28,2.02,9.03,Active,No,Yes,ON,ON
H139,2/7/2025 17:30,15.3,29.1,310.4,1.94,2.72,0.21,4.87,Active,No,No,OFF,OFF
H227,2/7/2025 18:00,15.2,82.6,275.5,3.81,0.83,0.17,4.81,Active,No,No,OFF,OFF
H132,2/7/2025 18:30,35.4,40.6,286.5,1.66,2.98,0.97,5.61,Active,No,No,OFF,OFF
H166,2/7/2025 19:00,21.9,53.5,243.6,3.98,3.92,0.04,7.94,Inactive,No,No,OFF,OFF
H231,2/7/2025 19:30,27.1,51.3,498.2,4.4,3.5,0.77,8.67,Active,No,No,OFF,OFF
H239,2/7/2025 20:00,19.5,72.4,485.3,1.78,1.62,0.07,3.47,Active,No,No,OFF,OFF
H127,2/7/2025 20:30,23.2,67.4,88.4,1.78,1.37,0.4,3.55,Inactive,No,No,OFF,OFF
H206,2/7/2025 21:00,30.9,41.3,295.3,1.09,3.99,0.62,5.7,Inactive,No,No,OFF,OFF
H144,2/7/2025 21:30,18.7,57.5,563.5,1.6,0.96,1.92,4.48,Inactive,No,No,OFF,OFF
H158,2/7/2025 22:00,20,80.6,1186.7,1.5,1.96,2.01,5.47,Inactive,No,No,OFF,OFF
H198,2/7/2025 22:30,22.4,80.6,880.9,0.52,0.27,0.42,1.21,Active,Yes,No,ON,ON
H221,2/7/2025 23:00,24.2,77.4,836.1,1.15,1.52,2.08,4.75,Active,No,Yes,ON,ON
H152,2/7/2025 23:30,17.8,41.8,503.4,0.83,0.35,2.26,3.44,Active,No,No,OFF,OFF
H232,2/8/2025 0:00,16.9,51.3,1093.5,1.43,2.36,0.2,3.99,Inactive,No,No,OFF,OFF
H246,2/8/2025 0:30,36.6,73,332.6,4.16,1.39,1.33,6.88,Active,No,No,OFF,OFF
H181,2/8/2025 1:00,23.7,55.3,37.5,4.97,1.16,1.36,7.49,Active,No,No,OFF,OFF
H171,2/8/2025 1:30,22,78.7,710.6,0.57,2.41,1.64,4.62,Active,No,Yes,ON,ON
H228,2/8/2025 2:00,18.8,54.3,610.5,1.87,0.12,0.51,2.5,Inactive,No,No,OFF,OFF
H172,2/8/2025 2:30,22.5,48.7,861,2.77,3.26,0.77,6.8,Inactive,Yes,No,ON,ON
H185,2/8/2025 3:00,31.1,78.7,917.5,2.73,1.67,1.44,5.84,Active,No,No,OFF,OFF
H174,2/8/2025 3:30,26.6,21.4,439.8,4.01,1.86,1.05,6.92,Active,No,No,OFF,OFF
H201,2/8/2025 4:00,16.3,34.3,85.7,0.88,3.09,0.08,4.05,Active,No,No,OFF,OFF
H210,2/8/2025 4:30,19.2,21.3,589.3,2.13,1.29,0.15,3.57,Active,No,No,OFF,OFF
H207,2/8/2025 5:00,29.9,40.6,968.3,4.35,3.97,0.96,9.28,Active,No,No,OFF,OFF
H168,2/8/2025 5:30,29.7,27.9,442.3,4.53,3.91,0.61,9.05,Inactive,No,No,OFF,OFF
H192,2/8/2025 6:00,25.9,23.9,960,1,1.37,1.5,3.87,Inactive,No,No,OFF,OFF
H125,2/8/2025 6:30,30.5,67,1080.2,0.37,3.78,0.44,4.59,Inactive,No,No,OFF,OFF
H203,2/8/2025 7:00,31.3,53.4,1044.2,3.47,0.74,2.3,6.51,Active,No,Yes,ON,ON
H136,2/8/2025 7:30,29.1,57.7,394.3,3.55,3.71,1.21,8.47,Active,No,No,OFF,OFF
H240,2/8/2025 8:00,30.8,67,1004.5,0.76,1.72,2.46,4.94,Active,No,No,OFF,OFF
H173,2/8/2025 8:30,41.2,68.1,1102.9,4.5,0.73,2.18,7.41,Active,No,No,OFF,OFF
H196,2/8/2025 9:00,35.6,79.9,465.9,2.67,0.93,1.41,5.01,Active,No,No,OFF,OFF
H201,2/8/2025 9:30,21,73.3,172,4.23,0.56,1.32,6.11,Inactive,No,No,OFF,OFF
H132,2/8/2025 10:00,35.9,26.8,714.7,1.18,3.89,2.14,7.21,Inactive,No,No,OFF,OFF
H165,2/8/2025 10:30,26.6,45.8,203.3,0.87,3.74,1.91,6.52,Active,No,No,OFF,OFF
H128,2/8/2025 11:00,33,71,279.4,4.37,1.47,1.76,7.6,Active,No,No,OFF,OFF
H125,2/8/2025 11:30,33.5,62,186.2,1.69,2.93,2.16,6.78,Inactive,No,Yes,ON,ON
H180,2/8/2025 12:00,33.7,25,472.4,2.38,0.52,2.34,5.24,Inactive,No,No,OFF,OFF
H173,2/8/2025 12:30,19.4,55.7,1104.3,3.28,4,2.12,9.4,Inactive,No,No,OFF,OFF
H171,2/8/2025 13:00,24.2,60.5,393.8,4.09,1.27,2.14,7.5,Inactive,No,No,OFF,OFF
H164,2/8/2025 13:30,28.2,58.3,278.3,3.84,1.56,1.76,7.16,Active,No,No,OFF,OFF
H134,2/8/2025 14:00,18.3,38.9,656.3,2.36,0.8,0.09,3.25,Active,No,No,OFF,OFF
H226,2/8/2025 14:30,31.1,71.1,772.3,2.25,0.89,0.59,3.73,Inactive,No,No,OFF,OFF
H130,2/8/2025 15:00,39.6,63.4,452,1.64,1.15,2.36,5.15,Active,No,Yes,ON,ON
H149,2/8/2025 15:30,27.7,51.4,365.8,0.21,3.44,1.47,5.12,Inactive,No,No,OFF,OFF
H228,2/8/2025 16:00,21.6,24.9,779,4.32,2.86,2.02,9.2,Inactive,No,No,OFF,OFF
H146,2/8/2025 16:30,25,58.8,209.6,1.56,3.99,0.81,6.36,Active,No,No,OFF,OFF
H184,2/8/2025 17:00,25.2,48.9,776.7,0.53,3.79,0.88,5.2,Inactive,No,No,OFF,OFF
H122,2/8/2025 17:30,28.4,20.8,249.5,4.97,0.71,1.45,7.13,Inactive,No,No,OFF,OFF
H172,2/8/2025 18:00,18.5,57.5,363.2,4.23,1.7,0.7,6.63,Inactive,No,No,OFF,OFF
H146,2/8/2025 18:30,16.4,57.1,129.5,2.87,3.49,2.48,8.84,Inactive,No,No,OFF,OFF
H231,2/8/2025 19:00,34.7,31,763.1,4.59,0.81,2.42,7.82,Active,No,No,OFF,OFF
H163,2/8/2025 19:30,24,81.9,544.1,2.26,2.7,1.55,6.51,Active,No,No,OFF,OFF
H230,2/8/2025 20:00,34,62.2,1188.4,2.79,3.38,2.19,8.36,Inactive,Yes,No,ON,ON
H174,2/8/2025 20:30,18.9,37.9,382.9,4.25,1.76,2.41,8.42,Active,No,No,OFF,OFF
H178,2/8/2025 21:00,36.3,55.3,38.6,0.97,1.36,1.69,4.02,Active,No,No,OFF,OFF
H139,2/8/2025 21:30,34.1,68,412.8,0.58,3.42,0.08,4.08,Inactive,No,No,OFF,OFF
H151,2/8/2025 22:00,18.9,66.8,790.2,4.34,1.04,0.41,5.79,Active,No,No,OFF,OFF
H218,2/8/2025 22:30,24.9,34.1,1183.8,1.67,2.46,0.19,4.32,Active,No,No,OFF,OFF
H138,2/8/2025 23:00,25.3,72.6,335.6,1.29,3.84,1.65,6.78,Inactive,No,No,OFF,OFF
H175,2/8/2025 23:30,34,58.4,733,2.85,2.01,1.66,6.52,Inactive,No,No,OFF,OFF
H166,2/9/2025 0:00,23.2,52.8,299,1.26,1.8,0.88,3.94,Active,No,No,OFF,OFF
H201,2/9/2025 0:30,25.2,84.3,1085.7,0.43,3.46,0.54,4.43,Active,No,No,OFF,OFF
H212,2/9/2025 1:00,35.9,35.8,981.8,0.23,0.92,2.06,3.21,Inactive,No,No,OFF,OFF
H154,2/9/2025 1:30,17.5,50.7,1.3,3.56,0.46,0.56,4.58,Inactive,No,No,OFF,OFF
H235,2/9/2025 2:00,19.3,79.6,92.2,1.55,3.08,0.48,5.11,Inactive,No,No,OFF,OFF
H223,2/9/2025 2:30,41.9,33.4,125.5,4.82,0.84,1.81,7.47,Active,Yes,No,ON,ON
H215,2/9/2025 3:00,39.5,51.7,750.3,4.47,3.19,0.02,7.68,Inactive,No,No,OFF,OFF
H247,2/9/2025 3:30,19,35.5,872,1.29,3.48,1.19,5.96,Active,No,No,OFF,OFF
H141,2/9/2025 4:00,22.6,24.9,567.5,0.38,1.82,0.68,2.88,Active,No,No,OFF,OFF
H206,2/9/2025 4:30,39.5,54.3,387.8,1.66,2.9,2.41,6.97,Active,No,Yes,ON,ON
H217,2/9/2025 5:00,16.8,56.5,1035.3,3.64,2.41,2.03,8.08,Inactive,No,No,OFF,OFF
H137,2/9/2025 5:30,26.8,22.1,1033,0.46,3.5,0.53,4.49,Inactive,No,No,OFF,OFF
H149,2/9/2025 6:00,32.1,35.5,177.1,2.31,1.21,1.37,4.89,Active,No,No,OFF,OFF
H182,2/9/2025 6:30,18.6,69,1185.3,1.29,0.83,0.65,2.77,Active,No,No,OFF,OFF
H222,2/9/2025 7:00,33.3,49.9,146.6,0.49,1.61,0.22,2.32,Active,No,No,OFF,OFF
H149,2/9/2025 7:30,32.3,51,1049.5,3.59,0.84,0.65,5.08,Active,No,No,OFF,OFF
H229,2/9/2025 8:00,30.7,76,215.8,3.32,3.52,1.34,8.18,Inactive,No,No,OFF,OFF
H121,2/9/2025 8:30,27.3,32.3,793.5,1.1,3.6,0.58,5.28,Inactive,No,No,OFF,OFF
H169,2/9/2025 9:00,20.8,30.6,887.2,4.35,1.82,1.58,7.75,Active,No,No,OFF,OFF
H238,2/9/2025 9:30,36.9,31.3,852.1,4.19,2.94,1.23,8.36,Inactive,No,No,OFF,OFF
H186,2/9/2025 10:00,39.9,25.1,200.8,4.59,2.01,1.57,8.17,Inactive,Yes,No,ON,ON
H242,2/9/2025 10:30,18.8,38.7,489.2,2.12,1.92,1.52,5.56,Active,No,No,OFF,OFF
H218,2/9/2025 11:00,24.8,36.3,214.8,3.69,1.02,0.11,4.82,Inactive,No,No,OFF,OFF
H169,2/9/2025 11:30,16.9,58.4,1067.4,4.02,3.56,2.3,9.88,Inactive,No,No,OFF,OFF
H130,2/9/2025 12:00,25.3,63.2,662.2,4.71,0.18,1.43,6.32,Active,No,No,OFF,OFF
H185,2/9/2025 12:30,37.5,55.2,332.3,4.28,1.67,1.83,7.78,Inactive,No,No,OFF,OFF
H149,2/9/2025 13:00,37.6,59,175.8,0.88,3.52,2,6.4,Inactive,No,No,OFF,OFF
H185,2/9/2025 13:30,23,38.7,1109.3,1.23,3.7,0.52,5.45,Inactive,No,No,OFF,OFF
H178,2/9/2025 14:00,28,71.1,876,1.22,3.77,1.27,6.26,Inactive,No,No,OFF,OFF
H225,2/9/2025 14:30,31.2,33.3,436,1.5,2.91,1.84,6.25,Inactive,No,No,OFF,OFF
H156,2/9/2025 15:00,19,39.9,167.9,4.25,1.9,1.36,7.51,Active,No,No,OFF,OFF
H203,2/9/2025 15:30,34.4,48.9,553.7,4.96,2.8,2.02,9.78,Inactive,No,No,OFF,OFF
H205,2/9/2025 16:00,41.5,36.6,334.4,2.04,1.7,2.3,6.04,Inactive,No,No,OFF,OFF
H188,2/9/2025 16:30,25.3,29.8,661.6,1.8,3.58,0.36,5.74,Active,No,No,OFF,OFF
H151,2/9/2025 17:00,32,43.8,156.6,3.33,0.91,0.7,4.94,Active,No,No,OFF,OFF
H166,2/9/2025 17:30,21.6,84.8,747.5,4.9,1.99,0.72,7.61,Inactive,No,No,OFF,OFF
H247,2/9/2025 18:00,29.3,22.4,709.6,3.12,2.63,2.3,8.05,Inactive,No,No,OFF,OFF
H136,2/9/2025 18:30,36.6,56.3,572.8,2.59,3.32,1.36,7.27,Inactive,No,No,OFF,OFF
H128,2/9/2025 19:00,18.3,59.6,38.2,4.1,3.92,1.08,9.1,Inactive,No,No,OFF,OFF
H249,2/9/2025 19:30,16.2,77.9,825.9,0.4,0.45,1.38,2.23,Active,No,No,OFF,OFF
H211,2/9/2025 20:00,29,53.5,43,4.18,2.9,2.46,9.54,Inactive,No,Yes,ON,ON
H184,2/9/2025 20:30,19.9,43.6,760,2.89,3.09,1.11,7.09,Inactive,No,No,OFF,OFF
H191,2/9/2025 21:00,24.9,40.5,72.6,0.91,3.98,1.92,6.81,Active,No,No,OFF,OFF
H242,2/9/2025 21:30,15.1,41.2,54.7,2.31,3.6,1.06,6.97,Active,No,No,OFF,OFF
H185,2/9/2025 22:00,29.6,33.5,763.1,0.67,2.09,1.22,3.98,Inactive,No,No,OFF,OFF
H165,2/9/2025 22:30,18.8,46.8,301.6,2.82,0.35,0.73,3.9,Inactive,No,No,OFF,OFF
H197,2/9/2025 23:00,34.9,45,391,3.74,0.96,1.87,6.57,Active,No,No,OFF,OFF
H170,2/9/2025 23:30,30,51.8,434,3.48,3.43,1.63,8.54,Active,No,No,OFF,OFF
H213,2/10/2025 0:00,19.4,40.2,903.4,0.65,3.34,2.02,6.01,Active,No,Yes,ON,ON
H195,2/10/2025 0:30,22.4,37.9,761.4,3.33,0.8,1.24,5.37,Inactive,No,No,OFF,OFF
H250,2/10/2025 1:00,39.1,59.5,1149.3,1.64,2.08,2.42,6.14,Active,No,No,OFF,OFF
H217,2/10/2025 1:30,37.7,38.2,806.5,1.57,2.82,0.4,4.79,Active,No,No,OFF,OFF
H142,2/10/2025 2:00,26.9,72.2,268.8,3.74,2.23,0.73,6.7,Inactive,No,No,OFF,OFF
H123,2/10/2025 2:30,17.3,66.4,185.8,3.01,2.02,0.22,5.25,Inactive,No,No,OFF,OFF
H237,2/10/2025 3:00,24.7,57.9,621.8,1.81,2,0.91,4.72,Inactive,No,No,OFF,OFF
H236,2/10/2025 3:30,39.9,80.1,318.7,0.27,0.22,0.35,0.84,Inactive,No,No,OFF,OFF
H236,2/10/2025 4:00,37.5,32,523,3.62,1.37,0.61,5.6,Inactive,No,No,OFF,OFF
H215,2/10/2025 4:30,29.9,26.2,269.7,1.3,1.2,0.98,3.48,Active,No,No,OFF,OFF
H213,2/10/2025 5:00,40.9,78.1,519.2,0.67,0.17,1.31,2.15,Inactive,No,No,OFF,OFF
H219,2/10/2025 5:30,30.9,71.5,822.4,4.63,1.6,1.1,7.33,Inactive,No,No,OFF,OFF
H244,2/10/2025 6:00,24.2,64,524.1,0.63,2.84,1.01,4.48,Active,No,No,OFF,OFF
H240,2/10/2025 6:30,20.9,34.1,298.7,4.11,1.39,1.03,6.53,Active,No,No,OFF,OFF
H162,2/10/2025 7:00,15.6,48.2,686.4,2.66,3.76,1.71,8.13,Inactive,No,No,OFF,OFF
H241,2/10/2025 7:30,30.7,63.1,154.7,2.47,2.08,2,6.55,Active,No,No,OFF,OFF
H130,2/10/2025 8:00,36.7,73.7,312.8,3.35,3.03,1.72,8.1,Inactive,No,No,OFF,OFF
H149,2/10/2025 8:30,41.3,60.3,395.4,3.42,1.59,2.3,7.31,Inactive,No,No,OFF,OFF
H151,2/10/2025 9:00,37.1,21.6,953.2,1.38,2.96,1.84,6.18,Inactive,No,No,OFF,OFF
H149,2/10/2025 9:30,15.5,27.2,764.6,1.04,0.97,0.08,2.09,Active,No,No,OFF,OFF
H240,2/10/2025 10:00,26.5,52.7,1139.2,3.59,1.93,0.02,5.54,Inactive,No,No,OFF,OFF
H158,2/10/2025 10:30,21.7,82.8,905.9,4.59,2.93,1.36,8.88,Active,No,No,OFF,OFF
H200,2/10/2025 11:00,41,41.1,885.4,2.27,0.48,2.36,5.11,Active,Yes,No,ON,ON
H148,2/10/2025 11:30,17.8,52,1175.1,2.46,0.67,2.1,5.23,Active,No,Yes,ON,ON
H225,2/10/2025 12:00,29.4,72.5,220.5,2.62,3.29,0.41,6.32,Inactive,No,No,OFF,OFF
H190,2/10/2025 12:30,29.7,48.9,752.6,0.96,2.62,1.42,5,Active,No,No,OFF,OFF
H181,2/10/2025 13:00,34,49,716.6,3.91,0.54,2.44,6.89,Active,No,No,OFF,OFF
H145,2/10/2025 13:30,37,51.4,886.7,4.87,2.77,0.37,8.01,Active,Yes,No,ON,ON
H204,2/10/2025 14:00,27.9,77.5,403,1.85,2.27,0.7,4.82,Active,No,No,OFF,OFF
H196,2/10/2025 14:30,34.4,22.2,791.1,2.58,0.92,0.66,4.16,Inactive,No,No,OFF,OFF
H133,2/10/2025 15:00,34.4,62.5,253.7,4.37,1.51,0.46,6.34,Active,No,No,OFF,OFF
H230,2/10/2025 15:30,31.3,72.1,78,1.25,3.19,2.4,6.84,Active,No,No,OFF,OFF
H177,2/10/2025 16:00,35.6,32.4,395.4,0.31,2.91,0.34,3.56,Inactive,No,No,OFF,OFF
H157,2/10/2025 16:30,24.6,61.1,130.8,1.73,1.54,1.02,4.29,Active,No,No,OFF,OFF
H232,2/10/2025 17:00,27.6,31.8,904.4,3.29,3.31,0.05,6.65,Inactive,No,No,OFF,OFF
H180,2/10/2025 17:30,39.1,63.4,646.1,4.63,3.39,1.21,9.23,Inactive,Yes,No,ON,ON
H143,2/10/2025 18:00,22.4,58.2,584.5,1.58,1.75,1.96,5.29,Inactive,No,No,OFF,OFF
H242,2/10/2025 18:30,35.9,29.4,1139.7,2.02,2.3,0.65,4.97,Active,No,No,OFF,OFF
H189,2/10/2025 19:00,22.6,20.8,1047.4,1.46,2.79,1.18,5.43,Active,No,No,OFF,OFF
H134,2/10/2025 19:30,33.2,31.6,1038.7,0.84,1.58,0.45,2.87,Inactive,No,No,OFF,OFF
H145,2/10/2025 20:00,17.3,46.8,184,2.44,0.3,0.29,3.03,Inactive,No,No,OFF,OFF
H143,2/10/2025 20:30,23.5,55.7,29.3,0.28,1.87,1.09,3.24,Active,No,No,OFF,OFF
H228,2/10/2025 21:00,33.8,42.3,741.6,3.89,0.86,1.84,6.59,Inactive,No,No,OFF,OFF
H218,2/10/2025 21:30,26,67.7,1006,1.53,1.17,1.78,4.48,Inactive,No,No,OFF,OFF
H165,2/10/2025 22:00,31.8,24.3,326.9,0.6,2.08,0.75,3.43,Inactive,No,No,OFF,OFF
H248,2/10/2025 22:30,25.1,30.9,827,4.35,3.17,0.82,8.34,Inactive,No,No,OFF,OFF
H131,2/10/2025 23:00,27.8,54.5,754.2,3.58,3.9,2.19,9.67,Inactive,No,Yes,ON,ON
H179,2/10/2025 23:30,19.3,77,124.8,3.18,2.13,0.85,6.16,Inactive,No,No,OFF,OFF
H192,2/11/2025 0:00,34,79.5,710.7,3.95,2.74,1.17,7.86,Inactive,No,No,OFF,OFF
H175,2/11/2025 0:30,15.8,50,474.2,4.44,2.27,0.93,7.64,Inactive,No,No,OFF,OFF
H129,2/11/2025 1:00,20.4,83.9,569.2,1.44,0.76,1.6,3.8,Active,No,No,OFF,OFF
H159,2/11/2025 1:30,18.1,82.2,1023.1,2.59,1.09,1.9,5.58,Active,No,No,OFF,OFF
H151,2/11/2025 2:00,21.6,40.3,1100.5,2.06,0.56,0.2,2.82,Active,No,No,OFF,OFF
H244,2/11/2025 2:30,40.8,44.6,658.5,0.41,2.87,1.53,4.81,Active,No,No,OFF,OFF
H167,2/11/2025 3:00,28.3,52,1180.5,2.15,0.8,0.07,3.02,Active,No,No,OFF,OFF
H191,2/11/2025 3:30,23.7,48.3,1063.4,3.94,3.22,1.15,8.31,Inactive,No,No,OFF,OFF
H206,2/11/2025 4:00,20.3,51.6,986.4,3.82,0.38,2.39,6.59,Inactive,No,No,OFF,OFF
H138,2/11/2025 4:30,30.3,23.4,1076.2,3.95,1.12,1.34,6.41,Inactive,No,No,OFF,OFF
H160,2/11/2025 5:00,36,45.2,994.4,1.18,3.29,1.01,5.48,Active,No,No,OFF,OFF
H151,2/11/2025 5:30,19.8,52,759.4,3.3,3.5,2.44,9.24,Active,No,No,OFF,OFF
H187,2/11/2025 6:00,33.4,38.1,263.1,0.84,3.46,1.86,6.16,Active,No,No,OFF,OFF
H173,2/11/2025 6:30,17.3,82.3,508.1,4.16,0.32,0.26,4.74,Inactive,No,No,OFF,OFF
H140,2/11/2025 7:00,35.8,67,611,0.56,0.77,1.37,2.7,Inactive,No,No,OFF,OFF
H184,2/11/2025 7:30,37.8,78.8,963.7,2.12,1.64,1.78,5.54,Active,No,No,OFF,OFF
H228,2/11/2025 8:00,27.2,46.8,146.7,0.46,1.41,1.9,3.77,Inactive,No,No,OFF,OFF
H178,2/11/2025 8:30,35.5,30.3,1059.6,3.08,1.35,0.32,4.75,Inactive,No,No,OFF,OFF
H158,2/11/2025 9:00,29.7,56.2,664.3,1.91,3.06,2.12,7.09,Active,No,No,OFF,OFF
H220,2/11/2025 9:30,26.8,46.9,83.5,3.23,0.59,0.8,4.62,Active,No,No,OFF,OFF
